1300152302,17.8,72,128160,b,09:25:02
1300152607,17.63,219,386097,a,09:30:07
1300152632,17.73,76,134748,b,09:30:32
1300152662,17.72,15,26580,n,09:31:02
1300152667,17.72,2,3544,b,09:31:07
1300152687,17.68,37,65416,a,09:31:27
1300152697,17.68,3,5304,b,09:31:37
1300152702,17.72,48,85056,b,09:31:42
1300152717,17.7,7,12390,n,09:31:57
1300152737,17.72,1,1772,b,09:32:17
1300152747,17.7,1,1770,a,09:32:27
1300152752,17.72,11,19492,b,09:32:32
1300152762,17.72,10,17720,b,09:32:42
1300152767,17.7,12,21240,a,09:32:47
1300152792,17.71,10,17710,n,09:33:12
1300152797,17.7,21,37170,a,09:33:17
1300152802,17.7,4,7080,a,09:33:22
1300152807,17.7,10,17700,b,09:33:27
1300152812,17.7,1,1770,b,09:33:32
1300152822,17.68,15,26962,a,09:33:42
1300152832,17.66,13,24282,a,09:33:52
1300152842,17.66,115,203090,b,09:34:02
1300152852,17.65,5,8825,a,09:34:12
1300152857,17.65,3,5295,a,09:34:17
1300152862,17.65,18,31769,b,09:34:22
1300152872,17.64,30,52920,a,09:34:32
1300152877,17.65,8,14119,b,09:34:37
1300152882,17.65,5,8825,a,09:34:42
1300152892,17.65,30,52949,a,09:34:52
1300152897,17.65,5,8825,a,09:34:57
1300152902,17.64,275,485100,a,09:35:02
1300152907,17.64,10,17640,b,09:35:07
1300152912,17.65,30,52949,b,09:35:12
1300152932,17.66,3,5298,b,09:35:32
1300152952,17.65,9,15884,n,09:35:52
1300152957,17.71,5,8855,b,09:35:57
1300152987,17.63,129,227427,a,09:36:27
1300152992,17.63,1,1763,b,09:36:32
1300153002,17.7,82,145140,b,09:36:42
1300153007,17.7,18,31860,a,09:36:47
1300153032,17.66,15,26490,b,09:37:12
1300153037,17.66,5,8830,b,09:37:17
1300153052,17.66,22,38852,b,09:37:32
1300153067,17.66,15,26490,a,09:37:47
1300153072,17.7,3,5310,b,09:37:52
1300153077,17.66,10,17660,a,09:37:57
1300153082,17.7,1,1770,b,09:38:02
1300153097,17.7,10,17700,b,09:38:17
1300153102,17.66,7,12362,a,09:38:22
1300153107,17.7,79,139830,b,09:38:27
1300153112,17.7,10,17700,a,09:38:32
1300153132,17.7,39,69030,a,09:38:52
1300153162,17.7,100,177000,b,09:39:22
1300153167,17.68,11,19448,b,09:39:27
1300153182,17.71,5,8855,b,09:39:42
1300153192,17.7,79,139830,a,09:39:52
1300153202,17.7,10,17700,b,09:40:02
1300153212,17.71,59,104489,b,09:40:12
1300153217,17.72,54,95688,b,09:40:17
1300153222,17.71,5,8855,a,09:40:22
1300153227,17.71,7,12397,a,09:40:27
1300153232,17.67,66,116622,a,09:40:32
1300153252,17.7,8,14160,n,09:40:52
1300153257,17.67,14,24738,a,09:40:57
1300153262,17.71,50,88550,b,09:41:02
1300153277,17.68,25,44200,n,09:41:17
1300153287,17.68,5,8840,a,09:41:27
1300153292,17.67,18,31806,a,09:41:32
1300153307,17.68,5,8840,b,09:41:47
1300153312,17.67,5,8835,n,09:41:52
1300153322,17.68,2,3536,b,09:42:02
1300153332,17.7,5,8850,a,09:42:12
1300153337,17.7,1,1770,a,09:42:17
1300153352,17.7,20,35400,a,09:42:32
1300153362,17.7,22,38940,a,09:42:42
1300153367,17.68,8,14144,a,09:42:47
1300153377,17.68,51,90168,b,09:42:57
1300153392,17.68,22,38896,b,09:43:12
1300153402,17.68,20,35360,b,09:43:22
1300153427,17.67,2,3534,n,09:43:47
1300153442,17.67,2,3534,b,09:44:02
1300153447,17.67,34,60078,b,09:44:07
1300153462,17.67,1,1767,a,09:44:22
1300153472,17.68,1,1768,b,09:44:32
1300153472,17.67,22,38874,a,09:44:32
1300153482,17.67,5,8835,a,09:44:42
1300153487,17.68,20,35360,b,09:44:47
1300153497,17.67,34,60078,a,09:44:57
1300153502,17.67,13,22971,b,09:45:02
1300153507,17.67,2,3534,a,09:45:07
1300153517,17.67,1,1767,b,09:45:17
1300153527,17.66,4,7064,a,09:45:27
1300153532,17.67,1,1767,n,09:45:32
1300153542,17.67,3,5301,b,09:45:42
1300153547,17.67,62,109554,b,09:45:47
1300153562,17.68,14,24752,b,09:46:02
1300153567,17.68,10,17697,b,09:46:07
1300153572,17.68,9,15912,a,09:46:12
1300153597,17.68,8,14144,a,09:46:37
1300153612,17.68,2,5286,a,09:46:52
1300153622,17.68,7,12376,b,09:47:02
1300153627,17.68,5,8840,b,09:47:07
1300153632,17.67,46,81282,a,09:47:12
1300153637,17.67,36,63629,a,09:47:17
1300153647,17.7,30,53100,b,09:47:27
1300153662,17.7,50,88500,b,09:47:42
1300153667,17.68,33,58344,a,09:47:47
1300153677,17.7,83,147352,b,09:47:57
1300153687,17.67,16,28272,a,09:48:07
1300153702,17.69,50,88450,b,09:48:22
1300153707,17.67,0,1307,a,09:48:27
1300153712,17.67,2,3534,b,09:48:32
1300153722,17.69,8,14152,b,09:48:42
1300153742,17.67,10,17670,n,09:49:02
1300153747,17.67,11,19437,a,09:49:07
1300153757,17.69,20,35380,b,09:49:17
1300153762,17.67,20,35340,a,09:49:22
1300153777,17.67,3,5301,a,09:49:37
1300153782,17.66,70,123620,a,09:49:42
1300153787,17.66,30,52980,a,09:49:47
1300153792,17.66,10,17660,a,09:49:52
1300153802,17.64,600,1058400,a,09:50:02
1300153822,17.64,7,12348,a,09:50:22
1300153827,17.61,227,399747,a,09:50:27
1300153837,17.62,8,14096,n,09:50:37
1300153842,17.62,5,8810,b,09:50:42
1300153852,17.6,251,441760,a,09:50:52
1300153857,17.61,1,1761,n,09:50:57
1300153867,17.6,0,457,a,09:51:07
1300153872,17.6,11,20662,a,09:51:12
1300153877,17.6,7,12320,b,09:51:17
1300153887,17.6,3,5280,b,09:51:27
1300153897,17.59,16,28144,a,09:51:37
1300153902,17.59,28,49252,a,09:51:42
1300153917,17.59,5,8795,b,09:51:57
1300153927,17.56,10,17560,a,09:52:07
1300153942,17.56,15,26339,a,09:52:22
1300153947,17.56,7,12292,b,09:52:27
1300153952,17.55,27,47385,a,09:52:32
1300153962,17.55,25,43875,a,09:52:42
1300153967,17.55,7,12285,b,09:52:47
1300153972,17.56,50,87800,b,09:52:52
1300153977,17.56,48,84288,a,09:52:57
1300153982,17.56,39,68484,a,09:53:02
1300153987,17.56,10,17560,a,09:53:07
1300153992,17.56,6,10536,a,09:53:12
1300154002,17.59,52,91468,b,09:53:22
1300154007,17.58,0,175,a,09:53:27
1300154017,17.55,139,243945,a,09:53:37
1300154022,17.58,2,3515,a,09:53:42
1300154037,17.59,39,68601,b,09:53:57
1300154042,17.59,2,3518,b,09:54:02
1300154047,17.58,11,19337,a,09:54:07
1300154052,17.58,64,112511,a,09:54:12
1300154062,17.58,13,22853,a,09:54:22
1300154067,17.58,8,14063,b,09:54:27
1300154072,17.58,20,35160,b,09:54:32
1300154077,17.58,10,17580,b,09:54:37
1300154082,17.56,30,52679,a,09:54:42
1300154092,17.56,15,26339,a,09:54:52
1300154097,17.56,58,101847,a,09:54:57
1300154102,17.55,18,31590,a,09:55:02
1300154107,17.56,25,43900,b,09:55:07
1300154112,17.56,2,3511,b,09:55:12
1300154127,17.56,2,3511,b,09:55:27
1300154132,17.55,12,21060,a,09:55:32
1300154137,17.56,9,15803,b,09:55:37
1300154142,17.55,82,143910,a,09:55:42
1300154147,17.56,30,52679,b,09:55:47
1300154162,17.55,136,238680,a,09:56:02
1300154177,17.55,7,12285,a,09:56:17
1300154182,17.59,106,186454,b,09:56:22
1300154192,17.56,4,7023,n,09:56:32
1300154202,17.55,5,8775,a,09:56:42
1300154207,17.56,5,8780,n,09:56:47
1300154217,17.56,5,8780,a,09:56:57
1300154222,17.56,5,8780,b,09:57:02
1300154227,17.56,7,12292,b,09:57:07
1300154232,17.55,3,5265,a,09:57:12
1300154237,17.57,7,12299,b,09:57:17
1300154252,17.6,79,139040,b,09:57:32
1300154257,17.58,30,52739,a,09:57:37
1300154267,17.58,1,1757,a,09:57:47
1300154277,17.58,11,19337,a,09:57:57
1300154292,17.57,12,21084,a,09:58:12
1300154297,17.57,14,24598,b,09:58:17
1300154302,17.57,14,24598,b,09:58:22
1300154312,17.57,23,40411,b,09:58:32
1300154327,17.57,4,7028,a,09:58:47
1300154332,17.57,4,7028,a,09:58:52
1300154342,17.55,144,254299,a,09:59:02
1300154347,17.57,60,105420,b,09:59:07
1300154357,17.56,3,5268,n,09:59:17
1300154372,17.54,22,38588,a,09:59:32
1300154382,17.54,59,103486,a,09:59:42
1300154387,17.54,41,71914,b,09:59:47
1300154402,17.53,28,49084,a,10:00:02
1300154407,17.56,39,68484,b,10:00:07
1300154427,17.53,152,266456,a,10:00:27
1300154442,17.54,10,17540,n,10:00:42
1300154447,17.53,64,112192,a,10:00:47
1300154452,17.53,64,112192,a,10:00:52
1300154462,17.53,20,35060,a,10:01:02
1300154467,17.53,8,14024,a,10:01:07
1300154472,17.52,10,19096,a,10:01:12
1300154477,17.52,36,63247,a,10:01:17
1300154487,17.51,18,31518,a,10:01:27
1300154492,17.51,100,175100,a,10:01:32
1300154497,17.51,22,38522,a,10:01:37
1300154507,17.51,30,52530,a,10:01:47
1300154512,17.51,18,31518,b,10:01:52
1300154517,17.51,7,12257,b,10:01:57
1300154522,17.5,52,91000,a,10:02:02
1300154522,17.51,5,8755,b,10:02:02
1300154532,17.5,13,22750,a,10:02:12
1300154537,17.5,133,232750,a,10:02:17
1300154542,17.5,4,7000,a,10:02:22
1300154547,17.5,228,399000,a,10:02:27
1300154552,17.5,20,35000,b,10:02:32
1300154557,17.5,16,28000,b,10:02:37
1300154562,17.5,10,17500,b,10:02:42
1300154567,17.46,38,66348,a,10:02:47
1300154577,17.47,5,8735,b,10:02:57
1300154582,17.45,5,8725,a,10:03:02
1300154587,17.45,2,3490,b,10:03:07
1300154592,17.43,6,10458,a,10:03:12
1300154597,17.42,6,10452,b,10:03:17
1300154602,17.43,15,26145,b,10:03:22
1300154607,17.43,20,34860,a,10:03:27
1300154612,17.43,42,73206,a,10:03:32
1300154617,17.43,9,15861,a,10:03:37
1300154622,17.45,101,176245,b,10:03:42
1300154627,17.43,23,40089,a,10:03:47
1300154632,17.45,79,137855,b,10:03:52
1300154637,17.47,108,190248,b,10:03:57
1300154642,17.47,40,69880,a,10:04:02
1300154652,17.45,27,47115,a,10:04:12
1300154657,17.45,100,174500,a,10:04:17
1300154662,17.49,8,14446,b,10:04:22
1300154672,17.49,1,1748,a,10:04:32
1300154677,17.49,10,17490,a,10:04:37
1300154687,17.49,7,12242,a,10:04:47
1300154702,17.49,46,80454,a,10:05:02
1300154712,17.5,1,1750,b,10:05:12
1300154717,17.52,350,613200,b,10:05:17
1300154732,17.49,10,17490,a,10:05:32
1300154752,17.49,70,123724,a,10:05:52
1300154777,17.47,53,92591,a,10:06:17
1300154782,17.45,110,191950,a,10:06:22
1300154787,17.47,10,17470,b,10:06:27
1300154797,17.44,50,87200,a,10:06:37
1300154817,17.43,150,261450,a,10:06:57
1300154822,17.44,1,1744,b,10:07:02
1300154832,17.42,99,172632,a,10:07:12
1300154847,17.4,387,673380,a,10:07:27
1300154852,17.4,5,8700,b,10:07:32
1300154857,17.38,91,158158,a,10:07:37
1300154867,17.38,15,26070,a,10:07:47
1300154872,17.38,23,39974,a,10:07:52
1300154887,17.38,2,3476,b,10:08:07
1300154897,17.36,115,199640,a,10:08:17
1300154907,17.37,61,105957,b,10:08:27
1300154932,17.36,37,64232,n,10:08:52
1300154942,17.35,34,58990,a,10:09:02
1300154947,17.35,22,38170,a,10:09:07
1300154952,17.35,1,1735,b,10:09:12
1300154962,17.34,10,17340,n,10:09:22
1300154967,17.35,32,55520,b,10:09:27
1300154977,17.34,38,65892,a,10:09:37
1300154982,17.35,27,46845,b,10:09:42
1300154992,17.33,98,169833,a,10:09:52
1300154997,17.37,151,262287,b,10:09:57
1300155002,17.37,20,34740,a,10:10:02
1300155007,17.37,10,17370,a,10:10:07
1300155012,17.39,6,10434,b,10:10:12
1300155017,17.39,30,52170,b,10:10:17
1300155022,17.37,0,1563,a,10:10:22
1300155037,17.39,5,8695,b,10:10:37
1300155042,17.39,40,69560,b,10:10:42
1300155047,17.4,105,182699,b,10:10:47
1300155052,17.39,20,34780,a,10:10:52
1300155057,17.38,8,13904,b,10:10:57
1300155072,17.39,4,6956,a,10:11:12
1300155077,17.39,6,10434,b,10:11:17
1300155082,17.37,35,60968,a,10:11:22
1300155107,17.37,30,53673,b,10:11:47
1300155117,17.36,18,31248,a,10:11:57
1300155127,17.36,7,12152,a,10:12:07
1300155132,17.36,16,27776,a,10:12:12
1300155137,17.38,1,1738,b,10:12:17
1300155147,17.38,6,10428,b,10:12:27
1300155157,17.38,8,13904,b,10:12:37
1300155162,17.38,13,22594,b,10:12:42
1300155172,17.38,5,8690,a,10:12:52
1300155177,17.4,344,598560,b,10:12:57
1300155187,17.4,5,8700,b,10:13:07
1300155197,17.38,15,26070,a,10:13:17
1300155202,17.4,5,8700,b,10:13:22
1300155207,17.4,10,17400,b,10:13:27
1300155212,17.4,6,10440,b,10:13:32
1300155222,17.39,9,15651,a,10:13:42
1300155227,17.4,5,8700,b,10:13:47
1300155247,17.4,8,13919,b,10:14:07
1300155252,17.4,5,8700,b,10:14:12
1300155257,17.4,55,95699,b,10:14:17
1300155262,17.4,1,1739,b,10:14:22
1300155272,17.4,10,17400,b,10:14:32
1300155277,17.4,126,219239,b,10:14:37
1300155287,17.4,210,365399,b,10:14:47
1300155292,17.4,31,53939,b,10:14:52
1300155297,17.4,10,17400,b,10:14:57
1300155302,17.4,53,92219,b,10:15:02
1300155327,17.4,14,24359,a,10:15:27
1300155337,17.42,21,36582,b,10:15:37
1300155342,17.42,2,3484,b,10:15:42
1300155352,17.41,10,17410,a,10:15:52
1300155367,17.41,2,3482,a,10:16:07
1300155372,17.42,18,31356,b,10:16:12
1300155377,17.43,24,41832,b,10:16:17
1300155392,17.42,2,3484,a,10:16:32
1300155417,17.43,4,6972,b,10:16:57
1300155432,17.44,3,5232,b,10:17:12
1300155437,17.45,191,333295,b,10:17:17
1300155462,17.5,62,108500,b,10:17:42
1300155467,17.46,5,8730,a,10:17:47
1300155492,17.46,40,69840,a,10:18:12
1300155497,17.5,9,15750,b,10:18:17
1300155502,17.46,3,5238,a,10:18:22
1300155502,17.48,15,26220,n,10:18:22
1300155512,17.46,20,34920,a,10:18:32
1300155542,17.48,10,17480,n,10:19:02
1300155542,17.48,13,22724,a,10:19:02
1300155552,17.46,58,101268,a,10:19:12
1300155557,17.46,10,17460,a,10:19:17
1300155562,17.46,10,17460,a,10:19:22
1300155562,17.46,50,87300,a,10:19:22
1300155577,17.46,30,52380,a,10:19:37
1300155582,17.46,87,151902,a,10:19:42
1300155587,17.46,27,47142,a,10:19:47
1300155592,17.46,11,19206,b,10:19:52
1300155597,17.44,25,43600,a,10:19:57
1300155602,17.43,100,174300,a,10:20:02
1300155612,17.36,442,767312,a,10:20:12
1300155662,17.4,22,38280,n,10:21:02
1300155667,17.34,423,734921,a,10:21:07
1300155692,17.34,4,8496,a,10:21:32
1300155702,17.4,100,174000,b,10:21:42
1300155707,17.36,5,8680,a,10:21:47
1300155717,17.35,42,72870,a,10:21:57
1300155727,17.35,10,17350,a,10:22:07
1300155732,17.4,9,15659,b,10:22:12
1300155742,17.36,7,12152,a,10:22:22
1300155777,17.36,1,1736,a,10:22:57
1300155782,17.36,37,64232,a,10:23:02
1300155787,17.36,15,26040,b,10:23:07
1300155792,17.36,5,8680,b,10:23:12
1300155797,17.35,13,22555,a,10:23:17
1300155802,17.36,35,60760,b,10:23:22
1300155807,17.35,1,1735,a,10:23:27
1300155812,17.36,18,31248,b,10:23:32
1300155822,17.36,0,17,a,10:23:42
1300155837,17.39,3,5217,b,10:23:57
1300155852,17.39,18,31302,b,10:24:12
1300155867,17.4,248,431519,b,10:24:27
1300155877,17.4,5,8700,a,10:24:37
1300155882,17.43,10,17430,b,10:24:42
1300155887,17.4,31,53939,a,10:24:47
1300155902,17.4,8,13919,a,10:25:02
1300155922,17.43,5,8715,n,10:25:22
1300155927,17.4,30,52199,a,10:25:27
1300155942,17.4,5,8700,a,10:25:42
1300155947,17.4,28,48719,a,10:25:47
1300155967,17.41,1,1741,n,10:26:07
1300155972,17.4,30,52199,a,10:26:12
1300155977,17.41,6,10446,n,10:26:17
1300155992,17.4,228,396719,a,10:26:32
1300155997,17.4,6,10440,a,10:26:37
1300156002,17.4,10,17400,a,10:26:42
1300156017,17.43,45,79724,b,10:26:57
1300156032,17.43,4,7425,a,10:27:12
1300156047,17.4,6,10892,a,10:27:27
1300156057,17.43,37,64491,b,10:27:37
1300156072,17.4,20,34800,a,10:27:52
1300156102,17.4,25,43500,a,10:28:22
1300156117,17.42,63,111035,b,10:28:37
1300156122,17.39,5,8695,a,10:28:42
1300156132,17.4,10,17400,b,10:28:52
1300156137,17.39,6,10434,a,10:28:57
1300156147,17.39,10,17390,a,10:29:07
1300156162,17.39,3,5217,a,10:29:22
1300156182,17.39,8,13912,a,10:29:42
1300156192,17.4,29,52025,b,10:29:52
1300156207,17.35,437,758368,a,10:30:07
1300156212,17.35,2,3470,b,10:30:12
1300156232,17.35,32,55520,b,10:30:32
1300156237,17.35,23,39905,b,10:30:37
1300156247,17.34,2,3468,a,10:30:47
1300156252,17.34,35,60690,a,10:30:52
1300156267,17.35,407,706145,b,10:31:07
1300156277,17.35,10,17350,b,10:31:17
1300156282,17.35,422,732170,b,10:31:22
1300156287,17.35,43,74605,b,10:31:27
1300156292,17.35,10,17350,b,10:31:32
1300156297,17.35,12,20820,b,10:31:37
1300156302,17.35,54,93690,b,10:31:42
1300156307,17.35,203,352205,b,10:31:47
1300156312,17.35,268,464980,b,10:31:52
1300156317,17.35,94,164651,b,10:31:57
1300156327,17.35,11,19085,a,10:32:07
1300156362,17.4,6,10440,b,10:32:42
1300156372,17.4,2,3479,a,10:32:52
1300156387,17.42,12,20904,b,10:33:07
1300156392,17.42,12,21356,b,10:33:12
1300156417,17.45,2,3490,b,10:33:37
1300156432,17.43,1,1743,a,10:33:52
1300156447,17.45,3,5235,b,10:34:07
1300156472,17.45,10,17450,b,10:34:32
1300156477,17.45,20,34900,b,10:34:37
1300156477,17.45,6,11220,a,10:34:37
1300156487,17.45,6,11464,a,10:34:47
1300156492,17.45,1,2495,b,10:34:52
1300156507,17.46,5,8730,b,10:35:07
1300156517,17.46,7,13217,b,10:35:17
1300156537,17.46,30,52380,b,10:35:37
1300156557,17.46,12,20952,b,10:35:57
1300156607,17.45,3,5235,n,10:36:47
1300156617,17.45,12,20940,b,10:36:57
1300156622,17.45,7,12215,b,10:37:02
1300156632,17.44,13,22672,a,10:37:12
1300156637,17.44,17,29648,a,10:37:17
1300156642,17.44,50,87200,a,10:37:22
1300156647,17.44,21,37496,a,10:37:27
1300156657,17.44,28,49704,a,10:37:37
1300156667,17.44,30,52320,b,10:37:47
1300156677,17.43,5,8715,a,10:37:57
1300156677,17.43,2,3486,a,10:37:57
1300156687,17.43,43,74949,a,10:38:07
1300156717,17.42,6,10452,a,10:38:37
1300156727,17.42,2,3484,a,10:38:47
1300156747,17.42,10,17420,a,10:39:07
1300156762,17.42,5,8710,a,10:39:22
1300156767,17.43,3,5229,b,10:39:27
1300156772,17.43,16,27888,b,10:39:32
1300156777,17.42,3,5226,a,10:39:37
1300156782,17.42,3,5226,a,10:39:42
1300156797,17.42,10,17420,a,10:39:57
1300156807,17.44,245,428152,b,10:40:07
1300156812,17.44,13,22672,a,10:40:12
1300156832,17.44,6,10464,a,10:40:32
1300156842,17.45,4,6980,b,10:40:42
1300156847,17.49,200,349799,b,10:40:47
1300156852,17.44,35,61912,a,10:40:52
1300156882,17.54,203,356062,b,10:41:22
1300156897,17.43,9,15687,a,10:41:37
1300156917,17.48,10,17480,b,10:41:57
1300156937,17.47,10,17470,n,10:42:17
1300156942,17.43,2,3486,a,10:42:22
1300156957,17.43,10,17430,a,10:42:37
1300156967,17.43,10,17430,a,10:42:47
1300156982,17.43,1,1743,a,10:43:02
1300156992,17.43,10,17430,a,10:43:12
1300156997,17.43,11,19173,a,10:43:17
1300157002,17.43,3,5229,b,10:43:22
1300157017,17.43,14,24402,b,10:43:37
1300157027,17.41,20,34820,a,10:43:47
1300157032,17.43,3,5229,b,10:43:52
1300157042,17.42,5,8710,n,10:44:02
1300157057,17.42,37,64454,b,10:44:17
1300157072,17.42,27,47034,b,10:44:32
1300157082,17.41,70,123158,a,10:44:42
1300157097,17.4,91,158340,a,10:44:57
1300157117,17.38,15,26070,a,10:45:17
1300157152,17.36,60,105722,a,10:45:52
1300157162,17.38,73,126978,b,10:46:02
1300157167,17.38,10,17380,a,10:46:07
1300157177,17.4,3,5220,b,10:46:17
1300157182,17.38,9,15642,a,10:46:22
1300157192,17.38,5,8690,a,10:46:32
1300157222,17.38,2,5109,a,10:47:02
1300157227,17.38,72,125240,b,10:47:07
1300157232,17.38,0,1633,a,10:47:12
1300157257,17.37,4,6948,n,10:47:37
1300157267,17.38,21,36602,b,10:47:47
1300157287,17.39,8,13912,b,10:48:07
1300157292,17.38,50,86900,a,10:48:12
1300157297,17.39,22,38258,a,10:48:17
1300157302,17.38,11,19118,a,10:48:22
1300157307,17.39,2,3478,b,10:48:27
1300157322,17.38,40,69520,a,10:48:42
1300157327,17.38,3,5214,a,10:48:47
1300157342,17.38,150,260699,a,10:49:02
1300157347,17.38,20,34760,a,10:49:07
1300157357,17.39,3,5217,b,10:49:17
1300157362,17.39,149,259563,b,10:49:22
1300157392,17.39,10,17390,a,10:49:52
1300157407,17.4,22,38280,b,10:50:07
1300157412,17.39,3,5217,a,10:50:12
1300157417,17.39,14,24346,a,10:50:17
1300157422,17.39,55,95645,a,10:50:22
1300157427,17.39,2,3478,a,10:50:27
1300157432,17.4,10,17400,b,10:50:32
1300157442,17.4,5,8700,b,10:50:42
1300157447,17.38,6,10428,a,10:50:47
1300157462,17.39,5,8695,a,10:51:02
1300157482,17.39,8,13912,b,10:51:22
1300157512,17.4,17,29579,b,10:51:52
1300157557,17.38,37,64305,a,10:52:37
1300157567,17.39,5,8695,b,10:52:47
1300157577,17.39,15,26085,b,10:52:57
1300157587,17.39,4,6956,b,10:53:07
1300157587,17.38,20,34760,a,10:53:07
1300157597,17.39,2,3478,b,10:53:17
1300157617,17.4,5,8700,b,10:53:37
1300157622,17.4,34,59159,b,10:53:42
1300157647,17.37,163,283131,a,10:54:07
1300157667,17.39,1,1739,b,10:54:27
1300157677,17.39,2,3478,a,10:54:37
1300157682,17.39,1,1739,b,10:54:42
1300157687,17.38,5,8690,a,10:54:47
1300157697,17.39,10,17390,b,10:54:57
1300157702,17.38,5,8690,a,10:55:02
1300157707,17.38,10,17380,b,10:55:07
1300157712,17.36,40,69440,a,10:55:12
1300157717,17.37,9,15633,n,10:55:17
1300157732,17.36,91,157976,a,10:55:32
1300157742,17.36,49,85064,a,10:55:42
1300157747,17.34,384,665942,a,10:55:47
1300157762,17.34,10,17340,b,10:56:02
1300157777,17.33,53,91848,a,10:56:17
1300157787,17.33,10,17330,a,10:56:27
1300157797,17.31,103,178293,a,10:56:37
1300157802,17.34,5,8670,b,10:56:42
1300157822,17.31,77,133287,a,10:57:02
1300157832,17.31,412,713172,b,10:57:12
1300157837,17.31,10,17310,b,10:57:17
1300157842,17.31,2,3461,b,10:57:22
1300157852,17.31,32,55391,b,10:57:32
1300157857,17.31,51,88281,b,10:57:37
1300157862,17.3,16,27680,a,10:57:42
1300157877,17.3,20,34600,b,10:57:57
1300157887,17.29,2,3458,a,10:58:07
1300157892,17.3,10,17300,b,10:58:12
1300157902,17.3,90,155700,b,10:58:22
1300157907,17.29,15,25935,a,10:58:27
1300157912,17.29,20,34580,a,10:58:32
1300157917,17.29,208,360029,a,10:58:37
1300157922,17.3,33,57090,n,10:58:42
1300157927,17.29,1,3060,a,10:58:47
1300157932,17.29,120,207480,b,10:58:52
1300157937,17.29,2,3458,b,10:58:57
1300157942,17.28,80,138240,a,10:59:02
1300157947,17.28,10,17280,a,10:59:07
1300157952,17.28,115,198720,a,10:59:12
1300157967,17.25,66,113850,a,10:59:27
1300157977,17.28,42,72576,b,10:59:37
1300157987,17.25,9,15525,a,10:59:47
1300157992,17.25,110,189750,a,10:59:52
1300158002,17.25,187,322575,b,11:00:02
1300158012,17.25,9,15525,b,11:00:12
1300158022,17.28,46,79488,b,11:00:22
1300158037,17.23,41,70643,a,11:00:37
1300158042,17.23,12,20676,b,11:00:42
1300158047,17.23,10,17230,b,11:00:47
1300158057,17.23,1,1723,b,11:00:57
1300158072,17.22,75,129149,a,11:01:12
1300158077,17.22,5,8610,b,11:01:17
1300158087,17.22,11,18942,b,11:01:27
1300158092,17.21,25,43025,a,11:01:32
1300158102,17.21,10,18913,a,11:01:42
1300158112,17.2,177,304457,a,11:01:52
1300158122,17.2,12,20640,b,11:02:02
1300158127,17.18,10,17180,a,11:02:07
1300158132,17.19,10,17190,b,11:02:12
1300158137,17.2,143,247662,b,11:02:17
1300158142,17.18,80,137440,a,11:02:22
1300158147,17.2,13,22360,a,11:02:27
1300158152,17.2,39,67080,a,11:02:32
1300158157,17.22,2,3444,b,11:02:37
1300158162,17.18,6,10308,a,11:02:42
1300158177,17.18,104,178689,a,11:02:57
1300158187,17.18,24,41232,b,11:03:07
1300158197,17.18,91,156338,b,11:03:17
1300158202,17.18,42,72156,b,11:03:22
1300158212,17.18,5,8590,b,11:03:32
1300158217,17.18,16,27488,b,11:03:37
1300158222,17.16,8,13728,a,11:03:42
1300158227,17.18,122,209596,b,11:03:47
1300158232,17.18,8,13744,b,11:03:52
1300158237,17.17,5,8585,a,11:03:57
1300158242,17.18,209,359062,b,11:04:02
1300158247,17.18,58,99644,b,11:04:07
1300158252,17.18,59,101739,b,11:04:12
1300158257,17.15,400,686000,a,11:04:17
1300158262,17.18,12,20616,a,11:04:22
1300158267,17.18,1,1718,a,11:04:27
1300158272,17.18,50,85900,a,11:04:32
1300158277,17.19,3,5157,b,11:04:37
1300158292,17.19,11,18909,a,11:04:52
1300158297,17.18,50,85900,a,11:04:57
1300158302,17.2,4,6880,b,11:05:02
1300158312,17.21,10,17210,b,11:05:12
1300158322,17.2,48,82560,a,11:05:22
1300158327,17.2,12,20640,b,11:05:27
1300158332,17.22,37,63713,b,11:05:32
1300158337,17.2,10,17200,n,11:05:37
1300158362,17.22,16,27552,b,11:06:02
1300158367,17.22,6,12036,b,11:06:07
1300158377,17.26,170,293420,b,11:06:17
1300158387,17.26,5,8630,a,11:06:27
1300158392,17.29,106,183274,b,11:06:32
1300158412,17.3,5,8650,b,11:06:52
1300158417,17.29,12,20748,a,11:06:57
1300158422,17.3,179,309670,n,11:07:02
1300158442,17.34,459,795906,b,11:07:22
1300158442,17.31,5,8655,n,11:07:22
1300158472,17.31,10,17310,a,11:07:52
1300158482,17.34,19,32946,b,11:08:02
1300158487,17.34,93,162909,b,11:08:07
1300158517,17.34,10,17340,a,11:08:37
1300158532,17.35,202,350470,n,11:08:52
1300158542,17.38,5,8690,b,11:09:02
1300158547,17.38,4,6952,a,11:09:07
1300158552,17.37,2,3474,a,11:09:12
1300158557,17.35,214,371290,a,11:09:17
1300158582,17.34,126,218570,a,11:09:42
1300158587,17.4,277,481979,b,11:09:47
1300158637,17.3,41,70930,a,11:10:37
1300158662,17.4,170,297453,b,11:11:02
1300158672,17.4,17,29579,a,11:11:12
1300158682,17.4,46,80127,a,11:11:22
1300158697,17.3,15,25950,a,11:11:37
1300158717,17.35,1,1735,n,11:11:57
1300158732,17.35,3,5205,b,11:12:12
1300158742,17.3,13,22490,a,11:12:22
1300158762,17.35,44,76340,b,11:12:42
1300158777,17.31,13,22503,a,11:12:57
1300158802,17.3,4,6920,a,11:13:22
1300158807,17.31,6,10386,b,11:13:27
1300158817,17.3,12,20760,a,11:13:37
1300158837,17.31,3,5193,n,11:13:57
1300158862,17.31,4,6923,a,11:14:22
1300158897,17.31,10,17310,n,11:14:57
1300158902,17.3,24,41520,a,11:15:02
1300158907,17.3,50,86500,a,11:15:07
1300158922,17.3,17,29410,a,11:15:22
1300158947,17.3,5,8650,a,11:15:47
1300158972,17.31,5,8655,b,11:16:12
1300159017,17.34,2,3468,b,11:16:57
1300159027,17.35,2,3470,b,11:17:07
1300159032,17.4,263,459272,b,11:17:12
1300159047,17.4,4,6959,a,11:17:27
1300159062,17.4,100,174000,a,11:17:42
1300159072,17.4,32,55679,a,11:17:52
1300159077,17.4,0,87,a,11:17:57
1300159082,17.4,56,97439,b,11:18:02
1300159087,17.4,30,52199,b,11:18:07
1300159107,17.35,10,17350,a,11:18:27
1300159117,17.39,20,34780,b,11:18:37
1300159127,17.39,1,1739,b,11:18:47
1300159132,17.35,3,5205,a,11:18:52
1300159147,17.35,8,13880,a,11:19:07
1300159152,17.4,330,575853,b,11:19:12
1300159157,17.4,5,8700,a,11:19:17
1300159182,17.4,62,107879,a,11:19:42
1300159187,17.4,5,8787,a,11:19:47
1300159232,17.4,29,52112,b,11:20:32
1300159257,17.4,1,1739,a,11:20:57
1300159262,17.4,4,7046,a,11:21:02
1300159277,17.4,11,19140,b,11:21:17
1300159282,17.4,5,8700,a,11:21:22
1300159302,17.4,3,5220,n,11:21:42
1300159337,17.38,7,12166,a,11:22:17
1300159362,17.31,200,346200,a,11:22:42
1300159377,17.38,10,17380,n,11:22:57
1300159397,17.3,286,496423,a,11:23:17
1300159407,17.32,10,17320,n,11:23:27
1300159437,17.39,1,1739,b,11:23:57
1300159447,17.39,3,5217,b,11:24:07
1300159452,17.39,4,6956,b,11:24:12
1300159457,17.39,5,8695,b,11:24:17
1300159477,17.39,8,13912,b,11:24:37
1300159487,17.39,12,20868,b,11:24:47
1300159492,17.39,5,8695,b,11:24:52
1300159492,17.39,5,8695,b,11:24:52
1300159502,17.39,8,13912,b,11:25:02
1300159507,17.41,110,191510,b,11:25:07
1300159517,17.42,136,236912,b,11:25:17
1300159547,17.42,12,20904,n,11:25:47
1300159557,17.46,200,349200,b,11:25:57
1300159577,17.33,46,79717,a,11:26:17
1300159617,17.46,3,5238,b,11:26:57
1300159627,17.46,5,8730,b,11:27:07
1300159662,17.44,6,10464,n,11:27:42
1300159662,17.39,1,1739,a,11:27:42
1300159692,17.47,230,401810,b,11:28:12
1300159717,17.39,2,3478,a,11:28:37
1300159732,17.39,8,13912,b,11:28:52
1300159737,17.48,200,349600,b,11:28:57
1300159757,17.47,3,5241,n,11:29:17
1300159782,17.47,7,12229,a,11:29:42
1300159787,17.48,50,87400,b,11:29:47
1300159792,17.48,21,36708,a,11:29:52
1300159802,17.47,40,69880,b,11:30:02
1300165208,17.4,139,241859,a,13:00:08
1300165213,17.4,10,17400,b,13:00:13
1300165253,17.38,44,76472,a,13:00:53
1300165283,17.36,30,52080,a,13:01:23
1300165288,17.36,12,20832,a,13:01:28
1300165293,17.36,12,20832,a,13:01:33
1300165303,17.34,20,34680,a,13:01:43
1300165338,17.34,6,10404,a,13:02:18
1300165343,17.35,5,8675,b,13:02:23
1300165348,17.34,20,34680,a,13:02:28
1300165353,17.34,16,27744,a,13:02:33
1300165363,17.33,26,45057,a,13:02:43
1300165378,17.33,16,27727,a,13:02:58
1300165388,17.33,24,41591,a,13:03:08
1300165393,17.33,22,38125,a,13:03:13
1300165398,17.34,50,86700,b,13:03:18
1300165403,17.33,37,64120,a,13:03:23
1300165423,17.33,4,6931,a,13:03:43
1300165423,17.33,17,29460,a,13:03:43
1300165453,17.33,10,17330,a,13:04:13
1300165463,17.31,374,647394,a,13:04:23
1300165473,17.35,20,34700,b,13:04:33
1300165488,17.35,9,15615,b,13:04:48
1300165493,17.34,3,5202,a,13:04:53
1300165513,17.38,3,5214,b,13:05:13
1300165563,17.38,9,15642,b,13:06:03
1300165578,17.34,2,3468,a,13:06:18
1300165588,17.36,10,17360,b,13:06:28
1300165598,17.35,78,135330,b,13:06:38
1300165603,17.34,64,110976,a,13:06:43
1300165638,17.32,5,8660,a,13:07:18
1300165663,17.34,10,17340,b,13:07:43
1300165668,17.32,8,13856,a,13:07:48
1300165678,17.33,16,27727,a,13:07:58
1300165683,17.34,5,8670,b,13:08:03
1300165688,17.33,84,145572,a,13:08:08
1300165713,17.34,38,65892,b,13:08:33
1300165738,17.34,62,107508,a,13:08:58
1300165748,17.34,11,19074,b,13:09:08
1300165753,17.35,105,182175,b,13:09:13
1300165763,17.3,559,967156,a,13:09:23
1300165773,17.3,7,12110,b,13:09:33
1300165778,17.3,134,233463,b,13:09:38
1300165818,17.35,9,15615,b,13:10:18
1300165823,17.35,1,1735,b,13:10:23
1300165843,17.35,57,98895,b,13:10:43
1300165888,17.37,5,8685,b,13:11:28
1300165908,17.37,5,8685,a,13:11:48
1300165923,17.37,1,1737,a,13:12:03
1300165963,17.38,5,8690,b,13:12:43
1300165983,17.38,5,8690,b,13:13:03
1300165993,17.37,5,8685,a,13:13:13
1300165998,17.37,17,29529,a,13:13:18
1300166008,17.33,100,173299,a,13:13:28
1300166033,17.37,5,8685,b,13:13:53
1300166048,17.33,10,17330,a,13:14:08
1300166113,17.33,10,17330,a,13:15:13
1300166123,17.32,325,562900,a,13:15:23
1300166148,17.32,5,8660,b,13:15:48
1300166163,17.32,10,17320,b,13:16:03
1300166168,17.32,40,69280,b,13:16:08
1300166168,17.32,4,6928,b,13:16:08
1300166183,17.31,10,17310,a,13:16:23
1300166183,17.32,86,148952,b,13:16:23
1300166198,17.32,5,8660,b,13:16:38
1300166203,17.31,43,74433,a,13:16:43
1300166208,17.31,20,34620,a,13:16:48
1300166223,17.32,5,8660,b,13:17:03
1300166243,17.31,10,17310,a,13:17:23
1300166253,17.32,3,5196,b,13:17:33
1300166263,17.37,200,347400,b,13:17:43
1300166308,17.4,152,264480,b,13:18:28
1300166333,17.44,3,5232,b,13:18:53
1300166363,17.44,3,5232,b,13:19:23
1300166373,17.41,14,24374,a,13:19:33
1300166388,17.41,23,40043,a,13:19:48
1300166423,17.42,20,34840,n,13:20:23
1300166458,17.42,16,27872,a,13:20:58
1300166478,17.41,1,1741,a,13:21:18
1300166483,17.41,5,8705,a,13:21:23
1300166508,17.41,8,13928,a,13:21:48
1300166518,17.4,2,3479,a,13:21:58
1300166573,17.4,35,60899,a,13:22:53
1300166578,17.4,6,10440,a,13:22:58
1300166593,17.4,8,13919,a,13:23:13
1300166623,17.37,5,8685,n,13:23:43
1300166663,17.4,25,43500,b,13:24:23
1300166743,17.37,3,5211,a,13:25:43
1300166783,17.38,18,31284,a,13:26:23
1300166788,17.38,2,3476,a,13:26:28
1300166798,17.4,74,128759,b,13:26:38
1300166808,17.4,30,52199,a,13:26:48
1300166838,17.4,5,8700,a,13:27:18
1300166848,17.4,50,87000,a,13:27:28
1300166863,17.41,11,19151,b,13:27:43
1300166878,17.42,20,34840,b,13:27:58
1300166888,17.41,4,6964,a,13:28:08
1300166913,17.42,4,6968,b,13:28:33
1300166963,17.42,1,1742,b,13:29:23
1300166983,17.43,41,71463,b,13:29:43
1300166993,17.42,4,6968,a,13:29:53
1300167018,17.43,55,95865,b,13:30:18
1300167038,17.43,24,41832,b,13:30:38
1300167058,17.43,30,52290,a,13:30:58
1300167083,17.43,20,34860,a,13:31:23
1300167088,17.44,2,3488,b,13:31:28
1300167113,17.44,2,3488,b,13:31:53
1300167138,17.45,9,15705,b,13:32:18
1300167183,17.45,2,3490,b,13:33:03
1300167188,17.44,10,17440,a,13:33:08
1300167198,17.45,10,17450,b,13:33:18
1300167218,17.45,2,3490,b,13:33:38
1300167228,17.44,20,34880,a,13:33:48
1300167253,17.44,15,26160,a,13:34:13
1300167263,17.45,3,5235,b,13:34:23
1300167278,17.44,1,1744,a,13:34:38
1300167303,17.45,35,61075,b,13:35:03
1300167303,17.45,2,3490,a,13:35:03
1300167313,17.45,9,15705,a,13:35:13
1300167338,17.45,1,2617,a,13:35:38
1300167363,17.45,13,23557,a,13:36:03
1300167368,17.45,20,34900,b,13:36:08
1300167373,17.45,9,15705,b,13:36:13
1300167388,17.44,5,8720,a,13:36:28
1300167418,17.44,2,3488,a,13:36:58
1300167423,17.44,4,6976,a,13:37:03
1300167428,17.44,30,52320,a,13:37:08
1300167438,17.45,16,28792,b,13:37:18
1300167443,17.48,99,173052,b,13:37:23
1300167448,17.49,87,152163,b,13:37:28
1300167448,17.49,93,162657,b,13:37:28
1300167463,17.5,138,241500,b,13:37:43
1300167468,17.5,31,54250,b,13:37:48
1300167473,17.5,4,7000,a,13:37:53
1300167483,17.5,55,96250,a,13:38:03
1300167488,17.5,15,26250,a,13:38:08
1300167498,17.5,5,8750,a,13:38:18
1300167503,17.5,20,35000,a,13:38:23
1300167503,17.5,39,68250,a,13:38:23
1300167548,17.49,20,34980,n,13:39:08
1300167563,17.48,5,8740,n,13:39:23
1300167568,17.48,1,1748,b,13:39:28
1300167618,17.46,5,8730,n,13:40:18
1300167623,17.45,30,52350,a,13:40:23
1300167648,17.48,64,112518,b,13:40:48
1300167683,17.48,24,41952,a,13:41:23
1300167693,17.5,83,145250,b,13:41:33
1300167723,17.5,8,14000,a,13:42:03
1300167728,17.5,15,26250,b,13:42:08
1300167738,17.5,10,17500,b,13:42:18
1300167763,17.5,27,47250,b,13:42:43
1300167773,17.49,12,20987,a,13:42:53
1300167783,17.49,8,13991,a,13:43:03
1300167788,17.5,19,33250,b,13:43:08
1300167798,17.53,86,151634,b,13:43:18
1300167823,17.54,7,12278,b,13:43:43
1300167828,17.54,19,33378,b,13:43:48
1300167833,17.55,6,10530,b,13:43:53
1300167838,17.54,5,8770,a,13:43:58
1300167863,17.55,10,17550,b,13:44:23
1300167878,17.54,20,35080,a,13:44:38
1300167883,17.54,16,28064,a,13:44:43
1300167888,17.55,5,8775,b,13:44:48
1300167903,17.54,22,38588,a,13:45:03
1300167913,17.54,5,8770,a,13:45:13
1300167928,17.54,32,56128,a,13:45:28
1300167948,17.54,19,33326,b,13:45:48
1300167958,17.53,17,29801,a,13:45:58
1300167988,17.53,5,8765,a,13:46:28
1300167998,17.53,13,22789,a,13:46:38
1300168008,17.53,2,3506,a,13:46:48
1300168013,17.54,5,8770,b,13:46:53
1300168023,17.54,25,43850,b,13:47:03
1300168038,17.54,10,17540,a,13:47:18
1300168043,17.54,20,35080,a,13:47:23
1300168088,17.54,10,17540,a,13:48:08
1300168093,17.55,9,15795,b,13:48:13
1300168103,17.54,105,184170,a,13:48:23
1300168113,17.54,6,10524,a,13:48:33
1300168113,17.54,41,71914,a,13:48:33
1300168128,17.52,29,51684,a,13:48:48
1300168143,17.52,6,10512,b,13:49:03
1300168148,17.5,5,8750,a,13:49:08
1300168158,17.5,5,8750,a,13:49:18
1300168168,17.52,5,8760,b,13:49:28
1300168188,17.51,5,8755,n,13:49:48
1300168198,17.5,5,8750,a,13:49:58
1300168208,17.5,3,5250,a,13:50:08
1300168213,17.5,50,87500,a,13:50:13
1300168223,17.51,21,36771,b,13:50:23
1300168233,17.51,3,5253,a,13:50:33
1300168313,17.51,100,175100,a,13:51:53
1300168318,17.51,27,47277,a,13:51:58
1300168323,17.51,45,78795,a,13:52:03
1300168353,17.5,59,103250,a,13:52:33
1300168353,17.5,11,19250,a,13:52:33
1300168368,17.5,59,103250,a,13:52:48
1300168388,17.48,20,34960,a,13:53:08
1300168408,17.5,3,5250,b,13:53:28
1300168418,17.48,38,66424,a,13:53:38
1300168428,17.48,59,104233,a,13:53:48
1300168508,17.46,60,104760,a,13:55:08
1300168513,17.46,146,254916,a,13:55:13
1300168548,17.45,100,174500,a,13:55:48
1300168553,17.45,4,6980,a,13:55:53
1300168568,17.45,20,34900,a,13:56:08
1300168573,17.46,10,17460,b,13:56:13
1300168588,17.45,17,29665,a,13:56:28
1300168593,17.45,1,1745,a,13:56:33
1300168608,17.46,8,13968,b,13:56:48
1300168648,17.45,10,17450,a,13:57:28
1300168653,17.45,159,278327,a,13:57:33
1300168663,17.45,2,3490,b,13:57:43
1300168713,17.45,5,8725,b,13:58:33
1300168748,17.44,16,27904,a,13:59:08
1300168758,17.45,11,20067,b,13:59:18
1300168793,17.45,7,12215,a,13:59:53
1300168823,17.45,3,5235,a,14:00:23
1300168833,17.46,1,1746,b,14:00:33
1300168838,17.45,10,17450,a,14:00:38
1300168843,17.46,5,8730,b,14:00:43
1300168858,17.46,41,71586,b,14:00:58
1300168883,17.46,3,5238,a,14:01:23
1300168903,17.48,53,93290,b,14:01:43
1300168908,17.48,20,34960,a,14:01:48
1300168913,17.48,56,97888,a,14:01:53
1300168943,17.48,25,43700,a,14:02:23
1300168948,17.48,4,6992,a,14:02:28
1300168968,17.49,3,5246,b,14:02:48
1300168973,17.49,1,1748,a,14:02:53
1300168983,17.48,47,83257,a,14:03:03
1300168988,17.48,5,8740,b,14:03:08
1300168998,17.48,10,17480,b,14:03:18
1300169008,17.48,31,54188,b,14:03:28
1300169013,17.46,5,8730,a,14:03:33
1300169023,17.48,5,8740,b,14:03:43
1300169028,17.48,1,2394,b,14:03:48
1300169058,17.5,62,108500,b,14:04:18
1300169083,17.5,17,29750,a,14:04:43
1300169093,17.5,7,12250,b,14:04:53
1300169128,17.5,5,8750,b,14:05:28
1300169148,17.5,5,8750,b,14:05:48
1300169163,17.5,5,8750,b,14:06:03
1300169193,17.5,10,17500,b,14:06:33
1300169218,17.5,1,1750,b,14:06:58
1300169228,17.48,30,52440,a,14:07:08
1300169233,17.48,12,22077,a,14:07:13
1300169258,17.46,10,17460,a,14:07:38
1300169313,17.46,7,12222,a,14:08:33
1300169318,17.45,27,47115,a,14:08:38
1300169328,17.46,4,6984,b,14:08:48
1300169333,17.46,1,1746,b,14:08:53
1300169363,17.47,10,17470,b,14:09:23
1300169368,17.46,4,6984,a,14:09:28
1300169373,17.46,10,17460,a,14:09:33
1300169403,17.46,9,15714,a,14:10:03
1300169433,17.46,13,22698,a,14:10:33
1300169438,17.46,24,41904,b,14:10:38
1300169488,17.46,11,19206,a,14:11:28
1300169513,17.48,2,3496,b,14:11:53
1300169523,17.48,10,17480,b,14:12:03
1300169548,17.48,1,1748,b,14:12:28
1300169598,17.48,5,8740,b,14:13:18
1300169623,17.48,7,12882,b,14:13:43
1300169638,17.46,30,52380,a,14:13:58
1300169648,17.49,10,17490,b,14:14:08
1300169658,17.46,10,17460,a,14:14:18
1300169663,17.48,3,5244,b,14:14:23
1300169673,17.48,5,8740,b,14:14:33
1300169678,17.48,2,3496,b,14:14:38
1300169698,17.48,17,29716,a,14:14:58
1300169713,17.5,50,87500,b,14:15:13
1300169758,17.48,4,6992,n,14:15:58
1300169763,17.48,1,1748,b,14:16:03
1300169788,17.49,3,5246,b,14:16:28
1300169798,17.48,4,6992,a,14:16:38
1300169803,17.48,13,22724,a,14:16:43
1300169818,17.49,2,3497,b,14:16:58
1300169823,17.49,5,8745,b,14:17:03
1300169838,17.48,60,104880,a,14:17:18
1300169853,17.48,10,17480,b,14:17:33
1300169868,17.47,34,59397,a,14:17:48
1300169903,17.48,4,6992,b,14:18:23
1300169948,17.48,3,5244,a,14:19:08
1300169973,17.5,18,32550,b,14:19:33
1300170003,17.5,23,40950,a,14:20:03
1300170028,17.5,26,46550,b,14:20:28
1300170033,17.5,5,8750,a,14:20:33
1300170038,17.49,22,39177,a,14:20:38
1300170058,17.49,20,34980,b,14:20:58
1300170063,17.5,10,18550,b,14:21:03
1300170068,17.5,20,35000,a,14:21:08
1300170083,17.51,116,203116,b,14:21:23
1300170098,17.51,1,1751,a,14:21:38
1300170108,17.52,6,10512,b,14:21:48
1300170113,17.51,30,52530,a,14:21:53
1300170133,17.51,1,1751,a,14:22:13
1300170138,17.51,6,11206,a,14:22:18
1300170143,17.52,17,29784,b,14:22:23
1300170163,17.52,10,17520,b,14:22:43
1300170173,17.52,49,86899,b,14:22:53
1300170198,17.52,2,3504,a,14:23:18
1300170208,17.52,20,35040,a,14:23:28
1300170228,17.52,5,8760,a,14:23:48
1300170243,17.52,8,14716,a,14:24:03
1300170253,17.53,22,39617,b,14:24:13
1300170263,17.49,93,162657,a,14:24:23
1300170288,17.52,2,3504,n,14:24:48
1300170308,17.52,1,1752,a,14:25:08
1300170328,17.52,20,35040,b,14:25:28
1300170363,17.5,18,31500,a,14:26:03
1300170378,17.5,30,52500,a,14:26:18
1300170408,17.5,50,87500,a,14:26:48
1300170418,17.5,76,133000,a,14:26:58
1300170418,17.5,39,68250,a,14:26:58
1300170438,17.5,5,8750,a,14:27:18
1300170468,17.49,5,8745,a,14:27:48
1300170473,17.48,41,71668,a,14:27:53
1300170518,17.48,7,12236,a,14:28:38
1300170528,17.48,3,5244,a,14:28:48
1300170563,17.48,13,22724,a,14:29:23
1300170568,17.48,12,20976,a,14:29:28
1300170573,17.48,6,10488,a,14:29:33
1300170583,17.48,10,17480,a,14:29:43
1300170588,17.49,14,24485,b,14:29:48
1300170598,17.48,50,87400,a,14:29:58
1300170603,17.49,8,13991,b,14:30:03
1300170613,17.48,20,34960,a,14:30:13
1300170613,17.49,20,34980,b,14:30:13
1300170638,17.49,3,5246,a,14:30:38
1300170658,17.5,25,43750,b,14:30:58
1300170663,17.48,9,15732,a,14:31:03
1300170678,17.48,35,61180,a,14:31:18
1300170683,17.48,10,17480,a,14:31:23
1300170693,17.48,148,259403,a,14:31:33
1300170713,17.48,18,31464,b,14:31:53
1300170723,17.47,20,34940,a,14:32:03
1300170738,17.47,77,134519,a,14:32:18
1300170743,17.48,3,5244,b,14:32:23
1300170748,17.47,11,19217,a,14:32:28
1300170758,17.47,13,22711,a,14:32:38
1300170768,17.47,10,17470,a,14:32:48
1300170808,17.46,44,77923,a,14:33:28
1300170818,17.46,5,8730,b,14:33:38
1300170863,17.45,27,47115,a,14:34:23
1300170868,17.45,50,87250,b,14:34:28
1300170878,17.45,28,48860,b,14:34:38
1300170883,17.45,40,69800,b,14:34:43
1300170923,17.45,3,5235,b,14:35:23
1300170938,17.44,18,31392,a,14:35:38
1300170968,17.43,67,116781,a,14:36:08
1300170983,17.42,75,130650,a,14:36:23
1300170993,17.44,10,17440,b,14:36:33
1300170998,17.42,2,3484,a,14:36:38
1300171013,17.42,87,151554,a,14:36:53
1300171033,17.42,72,125424,b,14:37:13
1300171043,17.41,2,3482,a,14:37:23
1300171058,17.42,50,87100,b,14:37:38
1300171068,17.42,30,52260,b,14:37:48
1300171073,17.41,3,5223,a,14:37:53
1300171083,17.42,100,174200,b,14:38:03
1300171098,17.42,194,337948,b,14:38:18
1300171103,17.41,124,215884,a,14:38:23
1300171118,17.41,38,66158,b,14:38:38
1300171128,17.41,26,45266,b,14:38:48
1300171133,17.4,38,66120,a,14:38:53
1300171153,17.4,83,144420,a,14:39:13
1300171158,17.4,6,10440,a,14:39:18
1300171163,17.41,35,60935,b,14:39:23
1300171168,17.41,30,52230,b,14:39:28
1300171173,17.4,40,69600,a,14:39:33
1300171178,17.41,2,3482,b,14:39:38
1300171183,17.41,5,8705,b,14:39:43
1300171188,17.4,20,34800,a,14:39:48
1300171193,17.41,10,17410,b,14:39:53
1300171208,17.41,249,433509,b,14:40:08
1300171213,17.41,8,13928,b,14:40:13
1300171223,17.41,145,252445,b,14:40:23
1300171243,17.4,290,504599,a,14:40:43
1300171248,17.42,30,52260,b,14:40:48
1300171258,17.41,185,322085,a,14:40:58
1300171263,17.41,15,26115,a,14:41:03
1300171268,17.4,18,31319,a,14:41:08
1300171288,17.42,68,118456,b,14:41:28
1300171303,17.4,49,85260,a,14:41:43
1300171313,17.42,20,34840,b,14:41:53
1300171318,17.42,10,17420,b,14:41:58
1300171333,17.42,5,8710,b,14:42:13
1300171358,17.42,32,55744,b,14:42:38
1300171373,17.41,3,5223,n,14:42:53
1300171378,17.42,4,6968,b,14:42:58
1300171383,17.42,10,17420,b,14:43:03
1300171393,17.42,70,121940,b,14:43:13
1300171398,17.42,30,52260,b,14:43:18
1300171403,17.42,38,66196,b,14:43:23
1300171418,17.4,72,125279,a,14:43:38
1300171423,17.42,51,88842,b,14:43:43
1300171453,17.42,17,29614,b,14:44:13
1300171463,17.42,100,174200,b,14:44:23
1300171468,17.4,256,445439,a,14:44:28
1300171473,17.4,5,8700,b,14:44:33
1300171478,17.4,30,52199,b,14:44:38
1300171493,17.4,5,8700,b,14:44:53
1300171498,17.4,59,102659,b,14:44:58
1300171513,17.4,41,71340,a,14:45:13
1300171518,17.4,25,43500,a,14:45:18
1300171533,17.4,32,56549,b,14:45:33
1300171543,17.41,25,43525,n,14:45:43
1300171548,17.41,6,10446,a,14:45:48
1300171578,17.42,2,3484,b,14:46:18
1300171603,17.4,3,5220,a,14:46:43
1300171623,17.42,167,290914,b,14:47:03
1300171648,17.42,15,26130,b,14:47:28
1300171653,17.4,5,8700,a,14:47:33
1300171663,17.42,16,28917,b,14:47:43
1300171673,17.42,6,10452,a,14:47:53
1300171698,17.44,20,34880,b,14:48:18
1300171713,17.45,15,27745,b,14:48:33
1300171743,17.45,20,34900,b,14:49:03
1300171748,17.45,2,3490,b,14:49:08
1300171758,17.46,124,216504,b,14:49:18
1300171798,17.45,5,8725,n,14:49:58
1300171798,17.46,8,13968,b,14:49:58
1300171828,17.45,20,34900,n,14:50:28
1300171838,17.43,6,10458,a,14:50:38
1300171873,17.45,43,75035,b,14:51:13
1300171883,17.45,10,17450,n,14:51:23
1300171898,17.46,38,66348,b,14:51:38
1300171908,17.48,46,81054,b,14:51:48
1300171933,17.48,40,69920,a,14:52:13
1300171943,17.48,17,30817,a,14:52:23
1300171948,17.48,24,42598,b,14:52:28
1300171958,17.5,10,17500,b,14:52:38
1300171968,17.5,10,17500,b,14:52:48
1300171983,17.5,1,1750,b,14:53:03
1300171988,17.55,155,272902,b,14:53:08
1300172008,17.55,10,17550,a,14:53:28
1300172013,17.56,43,75508,b,14:53:33
1300172013,17.56,30,52679,b,14:53:33
1300172023,17.56,15,27990,n,14:53:43
1300172028,17.55,143,250965,a,14:53:48
1300172038,17.58,67,117785,b,14:53:58
1300172048,17.56,3,5268,n,14:54:08
1300172058,17.55,5,8775,a,14:54:18
1300172068,17.55,13,22815,a,14:54:28
1300172078,17.55,16,28080,a,14:54:38
1300172083,17.6,407,716320,b,14:54:43
1300172088,17.6,20,35200,a,14:54:48
1300172093,17.5,166,290500,a,14:54:53
1300172103,17.56,10,17560,n,14:55:03
1300172108,17.61,5,8805,b,14:55:08
1300172143,17.58,4,7031,b,14:55:43
1300172148,17.6,2,3520,b,14:55:48
1300172148,17.59,10,17590,n,14:55:48
1300172168,17.59,25,43975,b,14:56:08
1300172173,17.59,20,35180,b,14:56:13
1300172183,17.58,323,567834,a,14:56:23
1300172188,17.58,2,3515,b,14:56:28
1300172193,17.58,5,8790,b,14:56:33
1300172208,17.6,171,300960,b,14:56:48
1300172228,17.58,3,5273,n,14:57:08
1300172233,17.55,43,75465,a,14:57:13
1300172238,17.6,17,29920,b,14:57:18
1300172253,17.59,10,17590,a,14:57:33
1300172258,17.6,16,29832,b,14:57:38
1300172273,17.6,5,8800,a,14:57:53
1300172278,17.6,10,17600,a,14:57:58
1300172283,17.61,86,151446,b,14:58:03
1300172288,17.6,1,1760,a,14:58:08
1300172293,17.6,34,59840,n,14:58:13
1300172303,17.6,41,72160,b,14:58:23
1300172308,17.58,5,8790,a,14:58:28
1300172313,17.58,21,36918,a,14:58:33
1300172318,17.59,10,17590,b,14:58:38
1300172338,17.58,10,17580,n,14:58:58
1300172348,17.59,3,5277,b,14:59:08
1300172358,17.58,19,33402,a,14:59:18
1300172363,17.59,96,168864,b,14:59:23
1300172368,17.56,135,237059,a,14:59:28
1300172373,17.59,30,52770,b,14:59:33
1300172378,17.58,2,3515,b,14:59:38
1300172383,17.58,20,35160,b,14:59:43
1300172388,17.6,110,193600,b,14:59:48
1300172403,17.58,0,0,n,15:00:03
