1300152307,13.08,09:25:07
1300152602,13.07,09:30:02
1300152607,13.05,09:30:07
1300152607,13.04,09:30:07
1300152617,13.05,09:30:17
1300152622,13.05,09:30:22
1300152627,13.05,09:30:27
1300152632,13.04,09:30:32
1300152637,13.04,09:30:37
1300152642,13.04,09:30:42
1300152647,13.05,09:30:47
1300152647,13.05,09:30:47
1300152657,13.05,09:30:57
1300152662,13.05,09:31:02
1300152667,13.05,09:31:07
1300152672,13.05,09:31:12
1300152677,13.04,09:31:17
1300152682,13.04,09:31:22
1300152687,13.05,09:31:27
1300152692,13.04,09:31:32
1300152697,13.03,09:31:37
1300152702,13.05,09:31:42
1300152707,13.04,09:31:47
1300152712,13.04,09:31:52
1300152717,13.03,09:31:57
1300152722,13.03,09:32:02
1300152727,13.03,09:32:07
1300152732,13.04,09:32:12
1300152737,13.03,09:32:17
1300152742,13.04,09:32:22
1300152747,13.04,09:32:27
1300152752,13.04,09:32:32
1300152757,13.04,09:32:37
1300152762,13.04,09:32:42
1300152767,13.04,09:32:47
1300152772,13.04,09:32:52
1300152777,13.04,09:32:57
1300152782,13.04,09:33:02
1300152787,13.04,09:33:07
1300152792,13.04,09:33:12
1300152797,13.05,09:33:17
1300152802,13.04,09:33:22
1300152807,13.03,09:33:27
1300152812,13.03,09:33:32
1300152817,13.03,09:33:37
1300152822,13.02,09:33:42
1300152827,13.03,09:33:47
1300152832,13.02,09:33:52
1300152837,13.02,09:33:57
1300152842,13.03,09:34:02
1300152847,13.03,09:34:07
1300152852,13.03,09:34:12
1300152857,13.0,09:34:17
1300152862,13.0,09:34:22
1300152867,13.0,09:34:27
1300152872,13.0,09:34:32
1300152877,13.0,09:34:37
1300152882,12.99,09:34:42
1300152887,13.0,09:34:47
1300152892,13.0,09:34:52
1300152897,13.01,09:34:57
1300152902,13.0,09:35:02
1300152907,13.0,09:35:07
1300152912,13.0,09:35:12
1300152922,13.0,09:35:22
1300152927,13.0,09:35:27
1300152932,13.0,09:35:32
1300152937,13.0,09:35:37
1300152942,12.99,09:35:42
1300152947,12.98,09:35:47
1300152952,13.0,09:35:52
1300152957,13.0,09:35:57
1300152962,12.99,09:36:02
1300152967,12.99,09:36:07
1300152972,12.99,09:36:12
1300152977,13.0,09:36:17
1300152982,12.99,09:36:22
1300152987,12.99,09:36:27
1300152992,13.0,09:36:32
1300152997,12.99,09:36:37
1300153002,12.99,09:36:42
1300153007,13.0,09:36:47
1300153012,12.98,09:36:52
1300153017,12.98,09:36:57
1300153022,12.98,09:37:02
1300153027,12.98,09:37:07
1300153032,12.98,09:37:12
1300153037,12.97,09:37:17
1300153042,12.97,09:37:22
1300153047,12.98,09:37:27
1300153052,12.95,09:37:32
1300153057,12.96,09:37:37
1300153062,12.96,09:37:42
1300153067,12.96,09:37:47
1300153072,12.97,09:37:52
1300153077,12.97,09:37:57
1300153082,12.97,09:38:02
1300153087,12.97,09:38:07
1300153092,12.97,09:38:12
1300153097,12.97,09:38:17
1300153102,12.96,09:38:22
1300153107,12.98,09:38:27
1300153112,12.98,09:38:32
1300153117,12.96,09:38:37
1300153122,12.97,09:38:42
1300153127,12.97,09:38:47
1300153132,12.97,09:38:52
1300153137,12.97,09:38:57
1300153142,12.97,09:39:02
1300153147,12.97,09:39:07
1300153152,12.97,09:39:12
1300153157,12.97,09:39:17
1300153162,12.97,09:39:22
1300153167,12.97,09:39:27
1300153172,12.98,09:39:32
1300153177,12.97,09:39:37
1300153182,12.98,09:39:42
1300153187,12.98,09:39:47
1300153192,12.99,09:39:52
1300153197,13.0,09:39:57
1300153202,12.98,09:40:02
1300153207,12.98,09:40:07
1300153212,12.98,09:40:12
1300153217,12.99,09:40:17
1300153222,12.99,09:40:22
1300153227,12.99,09:40:27
1300153232,12.99,09:40:32
1300153237,12.99,09:40:37
1300153242,12.99,09:40:42
1300153247,12.98,09:40:47
1300153252,12.98,09:40:52
1300153257,12.99,09:40:57
1300153262,12.99,09:41:02
1300153267,12.99,09:41:07
1300153272,12.98,09:41:12
1300153277,12.98,09:41:17
1300153282,12.98,09:41:22
1300153287,12.97,09:41:27
1300153292,12.98,09:41:32
1300153297,12.96,09:41:37
1300153302,12.96,09:41:42
1300153307,12.96,09:41:47
1300153312,12.95,09:41:52
1300153317,12.96,09:41:57
1300153322,12.96,09:42:02
1300153327,12.96,09:42:07
1300153332,12.95,09:42:12
1300153337,12.96,09:42:17
1300153342,12.96,09:42:22
1300153347,12.96,09:42:27
1300153352,12.97,09:42:32
1300153357,12.96,09:42:37
1300153362,12.96,09:42:42
1300153367,12.96,09:42:47
1300153377,12.96,09:42:57
1300153382,12.97,09:43:02
1300153392,12.97,09:43:12
1300153397,12.97,09:43:17
1300153402,12.97,09:43:22
1300153407,12.96,09:43:27
1300153417,12.96,09:43:37
1300153422,12.97,09:43:42
1300153427,12.97,09:43:47
1300153432,12.97,09:43:52
1300153437,12.97,09:43:57
1300153442,12.98,09:44:02
1300153447,12.96,09:44:07
1300153452,12.96,09:44:12
1300153457,12.96,09:44:17
1300153462,12.98,09:44:22
1300153467,12.96,09:44:27
1300153472,12.95,09:44:32
1300153477,12.96,09:44:37
1300153482,12.96,09:44:42
1300153487,12.96,09:44:47
1300153487,12.96,09:44:47
1300153497,12.96,09:44:57
1300153502,12.96,09:45:02
1300153507,12.95,09:45:07
1300153512,12.95,09:45:12
1300153517,12.95,09:45:17
1300153522,12.95,09:45:22
1300153527,12.95,09:45:27
1300153532,12.96,09:45:32
1300153537,12.96,09:45:37
1300153542,12.96,09:45:42
1300153547,12.97,09:45:47
1300153552,12.98,09:45:52
1300153557,12.98,09:45:57
1300153562,12.97,09:46:02
1300153567,12.98,09:46:07
1300153572,12.97,09:46:12
1300153577,12.98,09:46:17
1300153582,12.98,09:46:22
1300153587,12.97,09:46:27
1300153592,12.97,09:46:32
1300153597,12.98,09:46:37
1300153602,12.98,09:46:42
1300153607,12.98,09:46:47
1300153612,12.98,09:46:52
1300153617,12.98,09:46:57
1300153622,12.99,09:47:02
1300153627,12.98,09:47:07
1300153632,12.98,09:47:12
1300153637,13.0,09:47:17
1300153642,13.0,09:47:22
1300153647,13.0,09:47:27
1300153657,13.01,09:47:37
1300153662,13.01,09:47:42
1300153667,13.01,09:47:47
1300153672,13.01,09:47:52
1300153677,13.02,09:47:57
1300153682,13.02,09:48:02
1300153687,13.01,09:48:07
1300153692,13.02,09:48:12
1300153697,13.02,09:48:17
1300153702,13.01,09:48:22
1300153707,13.01,09:48:27
1300153712,13.02,09:48:32
1300153717,13.01,09:48:37
1300153722,13.01,09:48:42
1300153727,13.01,09:48:47
1300153732,13.0,09:48:52
1300153737,12.99,09:48:57
1300153742,13.0,09:49:02
1300153747,13.0,09:49:07
1300153752,13.0,09:49:12
1300153757,13.0,09:49:17
1300153762,12.99,09:49:22
1300153767,12.99,09:49:27
1300153772,13.0,09:49:32
1300153777,12.99,09:49:37
1300153782,13.0,09:49:42
1300153787,13.0,09:49:47
1300153792,12.99,09:49:52
1300153797,12.99,09:49:57
1300153802,12.99,09:50:02
1300153807,12.98,09:50:07
1300153812,12.99,09:50:12
1300153817,12.99,09:50:17
1300153822,12.99,09:50:22
1300153827,12.99,09:50:27
1300153832,12.99,09:50:32
1300153837,12.99,09:50:37
1300153842,12.99,09:50:42
1300153847,12.99,09:50:47
1300153852,13.0,09:50:52
1300153857,12.99,09:50:57
1300153862,13.0,09:51:02
1300153867,12.99,09:51:07
1300153872,12.99,09:51:12
1300153877,12.99,09:51:17
1300153882,12.98,09:51:22
1300153887,12.98,09:51:27
1300153892,12.98,09:51:32
1300153897,12.98,09:51:37
1300153902,12.97,09:51:42
1300153912,12.98,09:51:52
1300153917,12.98,09:51:57
1300153922,12.98,09:52:02
1300153927,12.97,09:52:07
1300153932,12.98,09:52:12
1300153937,12.97,09:52:17
1300153942,12.98,09:52:22
1300153947,12.98,09:52:27
1300153952,12.98,09:52:32
1300153957,12.97,09:52:37
1300153962,12.97,09:52:42
1300153967,12.98,09:52:47
1300153972,12.98,09:52:52
1300153977,12.97,09:52:57
1300153982,12.97,09:53:02
1300153987,12.97,09:53:07
1300153992,12.98,09:53:12
1300153997,12.97,09:53:17
1300154002,12.97,09:53:22
1300154007,12.97,09:53:27
1300154012,12.97,09:53:32
1300154017,12.96,09:53:37
1300154022,12.96,09:53:42
1300154027,12.97,09:53:47
1300154032,12.97,09:53:52
1300154037,12.96,09:53:57
1300154042,12.96,09:54:02
1300154047,12.95,09:54:07
1300154052,12.96,09:54:12
1300154057,12.96,09:54:17
1300154062,12.96,09:54:22
1300154067,12.96,09:54:27
1300154072,12.97,09:54:32
1300154077,12.96,09:54:37
1300154082,12.95,09:54:42
1300154087,12.96,09:54:47
1300154092,12.96,09:54:52
1300154097,12.96,09:54:57
1300154102,12.96,09:55:02
1300154107,12.95,09:55:07
1300154112,12.96,09:55:12
1300154117,12.95,09:55:17
1300154122,12.96,09:55:22
1300154127,12.95,09:55:27
1300154132,12.95,09:55:32
1300154137,12.94,09:55:37
1300154142,12.95,09:55:42
1300154147,12.95,09:55:47
1300154152,12.95,09:55:52
1300154157,12.95,09:55:57
1300154162,12.95,09:56:02
1300154167,12.94,09:56:07
1300154172,12.95,09:56:12
1300154177,12.94,09:56:17
1300154182,12.94,09:56:22
1300154187,12.94,09:56:27
1300154192,12.94,09:56:32
1300154197,12.94,09:56:37
1300154202,12.94,09:56:42
1300154207,12.94,09:56:47
1300154212,12.94,09:56:52
1300154217,12.94,09:56:57
1300154222,12.94,09:57:02
1300154227,12.94,09:57:07
1300154232,12.93,09:57:12
1300154237,12.94,09:57:17
1300154242,12.94,09:57:22
1300154247,12.93,09:57:27
1300154252,12.93,09:57:32
1300154257,12.93,09:57:37
1300154262,12.93,09:57:42
1300154267,12.94,09:57:47
1300154272,12.91,09:57:52
1300154277,12.92,09:57:57
1300154282,12.91,09:58:02
1300154287,12.94,09:58:07
1300154292,12.93,09:58:12
1300154297,12.93,09:58:17
1300154302,12.94,09:58:22
1300154307,12.93,09:58:27
1300154312,12.93,09:58:32
1300154317,12.94,09:58:37
1300154322,12.93,09:58:42
1300154327,12.94,09:58:47
1300154332,12.94,09:58:52
1300154337,12.94,09:58:57
1300154342,12.94,09:59:02
1300154347,12.94,09:59:07
1300154352,12.94,09:59:12
1300154357,12.95,09:59:17
1300154362,12.96,09:59:22
1300154367,12.96,09:59:27
1300154372,12.95,09:59:32
1300154377,12.95,09:59:37
1300154382,12.96,09:59:42
1300154387,12.96,09:59:47
1300154392,12.96,09:59:52
1300154402,12.96,10:00:02
1300154407,12.96,10:00:07
1300154412,12.95,10:00:12
1300154417,12.95,10:00:17
1300154427,12.95,10:00:27
1300154432,12.96,10:00:32
1300154442,12.96,10:00:42
1300154447,12.95,10:00:47
1300154452,12.95,10:00:52
1300154457,12.96,10:00:57
1300154462,12.96,10:01:02
1300154467,12.96,10:01:07
1300154472,12.96,10:01:12
1300154477,12.96,10:01:17
1300154482,12.96,10:01:22
1300154487,12.96,10:01:27
1300154492,12.95,10:01:32
1300154497,12.96,10:01:37
1300154502,12.95,10:01:42
1300154507,12.95,10:01:47
1300154512,12.96,10:01:52
1300154517,12.96,10:01:57
1300154522,12.95,10:02:02
1300154527,12.96,10:02:07
1300154532,12.96,10:02:12
1300154537,12.95,10:02:17
1300154542,12.95,10:02:22
1300154547,12.95,10:02:27
1300154552,12.95,10:02:32
1300154557,12.95,10:02:37
1300154562,12.96,10:02:42
1300154567,12.96,10:02:47
1300154572,12.95,10:02:52
1300154577,12.95,10:02:57
1300154582,12.95,10:03:02
1300154587,12.95,10:03:07
1300154592,12.96,10:03:12
1300154597,12.96,10:03:17
1300154602,12.95,10:03:22
1300154607,12.96,10:03:27
1300154612,12.96,10:03:32
1300154617,12.96,10:03:37
1300154622,12.96,10:03:42
1300154627,12.96,10:03:47
1300154637,12.96,10:03:57
1300154642,12.95,10:04:02
1300154647,12.95,10:04:07
1300154652,12.96,10:04:12
1300154657,12.96,10:04:17
1300154662,12.96,10:04:22
1300154667,12.96,10:04:27
1300154672,12.95,10:04:32
1300154677,12.96,10:04:37
1300154682,12.95,10:04:42
1300154687,12.96,10:04:47
1300154692,12.98,10:04:52
1300154697,12.96,10:04:57
1300154702,12.96,10:05:02
1300154707,12.96,10:05:07
1300154712,12.96,10:05:12
1300154717,12.95,10:05:17
1300154722,12.95,10:05:22
1300154727,12.95,10:05:27
1300154732,12.95,10:05:32
1300154737,12.94,10:05:37
1300154742,12.95,10:05:42
1300154747,12.95,10:05:47
1300154752,12.95,10:05:52
1300154757,12.95,10:05:57
1300154762,12.94,10:06:02
1300154767,12.94,10:06:07
1300154772,12.94,10:06:12
1300154777,12.94,10:06:17
1300154782,12.94,10:06:22
1300154787,12.94,10:06:27
1300154792,12.94,10:06:32
1300154797,12.94,10:06:37
1300154802,12.93,10:06:42
1300154807,12.93,10:06:47
1300154812,12.94,10:06:52
1300154817,12.93,10:06:57
1300154822,12.94,10:07:02
1300154827,12.93,10:07:07
1300154832,12.93,10:07:12
1300154837,12.93,10:07:17
1300154842,12.93,10:07:22
1300154847,12.93,10:07:27
1300154852,12.93,10:07:32
1300154857,12.93,10:07:37
1300154867,12.93,10:07:47
1300154872,12.94,10:07:52
1300154877,12.93,10:07:57
1300154882,12.93,10:08:02
1300154887,12.93,10:08:07
1300154897,12.95,10:08:17
1300154907,12.95,10:08:27
1300154912,12.93,10:08:32
1300154917,12.95,10:08:37
1300154932,12.94,10:08:52
1300154937,12.94,10:08:57
1300154942,12.93,10:09:02
1300154947,12.93,10:09:07
1300154952,12.93,10:09:12
1300154957,12.93,10:09:17
1300154962,12.94,10:09:22
1300154967,12.93,10:09:27
1300154972,12.94,10:09:32
1300154977,12.93,10:09:37
1300154982,12.94,10:09:42
1300154987,12.94,10:09:47
1300154992,12.93,10:09:52
1300154997,12.93,10:09:57
1300155002,12.93,10:10:02
1300155007,12.93,10:10:07
1300155012,12.93,10:10:12
1300155017,12.93,10:10:17
1300155022,12.93,10:10:22
1300155027,12.93,10:10:27
1300155032,12.93,10:10:32
1300155037,12.94,10:10:37
1300155042,12.93,10:10:42
1300155047,12.93,10:10:47
1300155052,12.94,10:10:52
1300155057,12.93,10:10:57
1300155062,12.94,10:11:02
1300155067,12.94,10:11:07
1300155072,12.94,10:11:12
1300155077,12.94,10:11:17
1300155082,12.94,10:11:22
1300155087,12.95,10:11:27
1300155092,12.94,10:11:32
1300155097,12.94,10:11:37
1300155102,12.93,10:11:42
1300155107,12.94,10:11:47
1300155112,12.93,10:11:52
1300155117,12.94,10:11:57
1300155122,12.93,10:12:02
1300155127,12.93,10:12:07
1300155132,12.94,10:12:12
1300155137,12.94,10:12:17
1300155142,12.93,10:12:22
1300155147,12.94,10:12:27
1300155152,12.94,10:12:32
1300155157,12.94,10:12:37
1300155162,12.94,10:12:42
1300155167,12.93,10:12:47
1300155172,12.94,10:12:52
1300155177,12.94,10:12:57
1300155182,12.94,10:13:02
1300155187,12.94,10:13:07
1300155192,12.93,10:13:12
1300155197,12.94,10:13:17
1300155202,12.94,10:13:22
1300155207,12.93,10:13:27
1300155212,12.94,10:13:32
1300155217,12.94,10:13:37
1300155222,12.94,10:13:42
1300155227,12.93,10:13:47
1300155232,12.93,10:13:52
1300155237,12.93,10:13:57
1300155242,12.94,10:14:02
1300155247,12.93,10:14:07
1300155252,12.93,10:14:12
1300155257,12.94,10:14:17
1300155262,12.94,10:14:22
1300155267,12.94,10:14:27
1300155272,12.93,10:14:32
1300155277,12.93,10:14:37
1300155282,12.94,10:14:42
1300155292,12.94,10:14:52
1300155297,12.94,10:14:57
1300155302,12.94,10:15:02
1300155307,12.94,10:15:07
1300155312,12.95,10:15:12
1300155317,12.94,10:15:17
1300155322,12.95,10:15:22
1300155327,12.95,10:15:27
1300155332,12.95,10:15:32
1300155337,12.94,10:15:37
1300155342,12.95,10:15:42
1300155347,12.95,10:15:47
1300155352,12.95,10:15:52
1300155357,12.95,10:15:57
1300155362,12.95,10:16:02
1300155367,12.95,10:16:07
1300155372,12.95,10:16:12
1300155377,12.95,10:16:17
1300155382,12.95,10:16:22
1300155387,12.95,10:16:27
1300155392,12.95,10:16:32
1300155397,12.95,10:16:37
1300155402,12.95,10:16:42
1300155407,12.95,10:16:47
1300155412,12.95,10:16:52
1300155417,12.95,10:16:57
1300155422,12.95,10:17:02
1300155427,12.95,10:17:07
1300155432,12.95,10:17:12
1300155437,12.95,10:17:17
1300155442,12.95,10:17:22
1300155447,12.95,10:17:27
1300155452,12.96,10:17:32
1300155462,12.95,10:17:42
1300155467,12.96,10:17:47
1300155472,12.96,10:17:52
1300155477,12.95,10:17:57
1300155477,12.94,10:17:57
1300155487,12.94,10:18:07
1300155492,12.94,10:18:12
1300155497,12.95,10:18:17
1300155502,12.95,10:18:22
1300155502,12.95,10:18:22
1300155512,12.94,10:18:32
1300155517,12.94,10:18:37
1300155522,12.94,10:18:42
1300155527,12.95,10:18:47
1300155532,12.95,10:18:52
1300155537,12.94,10:18:57
1300155542,12.95,10:19:02
1300155542,12.94,10:19:02
1300155552,12.94,10:19:12
1300155557,12.94,10:19:17
1300155562,12.94,10:19:22
1300155567,12.93,10:19:27
1300155572,12.94,10:19:32
1300155577,12.94,10:19:37
1300155582,12.93,10:19:42
1300155587,12.93,10:19:47
1300155592,12.93,10:19:52
1300155597,12.94,10:19:57
1300155602,12.93,10:20:02
1300155607,12.94,10:20:07
1300155612,12.94,10:20:12
1300155617,12.93,10:20:17
1300155622,12.94,10:20:22
1300155627,12.94,10:20:27
1300155632,12.94,10:20:32
1300155637,12.94,10:20:37
1300155642,12.94,10:20:42
1300155647,12.93,10:20:47
1300155652,12.94,10:20:52
1300155652,12.93,10:20:52
1300155662,12.94,10:21:02
1300155667,12.94,10:21:07
1300155672,12.94,10:21:12
1300155677,12.94,10:21:17
1300155682,12.94,10:21:22
1300155687,12.93,10:21:27
1300155692,12.94,10:21:32
1300155697,12.93,10:21:37
1300155702,12.93,10:21:42
1300155707,12.93,10:21:47
1300155707,12.94,10:21:47
1300155717,12.92,10:21:57
1300155722,12.93,10:22:02
1300155727,12.93,10:22:07
1300155732,12.93,10:22:12
1300155737,12.93,10:22:17
1300155742,12.93,10:22:22
1300155747,12.93,10:22:27
1300155752,12.93,10:22:32
1300155757,12.93,10:22:37
1300155767,12.93,10:22:47
1300155772,12.94,10:22:52
1300155777,12.93,10:22:57
1300155782,12.93,10:23:02
1300155787,12.94,10:23:07
1300155792,12.94,10:23:12
1300155797,12.94,10:23:17
1300155802,12.94,10:23:22
1300155807,12.93,10:23:27
1300155812,12.94,10:23:32
1300155817,12.94,10:23:37
1300155822,12.94,10:23:42
1300155827,12.94,10:23:47
1300155832,12.93,10:23:52
1300155837,12.93,10:23:57
1300155842,12.93,10:24:02
1300155847,12.93,10:24:07
1300155852,12.93,10:24:12
1300155857,12.92,10:24:17
1300155862,12.92,10:24:22
1300155867,12.92,10:24:27
1300155872,12.92,10:24:32
1300155877,12.92,10:24:37
1300155882,12.93,10:24:42
1300155887,12.92,10:24:47
1300155892,12.93,10:24:52
1300155897,12.93,10:24:57
1300155902,12.93,10:25:02
1300155907,12.93,10:25:07
1300155912,12.92,10:25:12
1300155917,12.93,10:25:17
1300155922,12.93,10:25:22
1300155927,12.92,10:25:27
1300155932,12.93,10:25:32
1300155937,12.94,10:25:37
1300155942,12.93,10:25:42
1300155947,12.93,10:25:47
1300155947,12.94,10:25:47
1300155957,12.94,10:25:57
1300155962,12.92,10:26:02
1300155967,12.93,10:26:07
1300155972,12.93,10:26:12
1300155977,12.93,10:26:17
1300155982,12.92,10:26:22
1300155987,12.92,10:26:27
1300155992,12.93,10:26:32
1300155997,12.92,10:26:37
1300156002,12.92,10:26:42
1300156007,12.93,10:26:47
1300156017,12.92,10:26:57
1300156027,12.92,10:27:07
1300156032,12.93,10:27:12
1300156037,12.93,10:27:17
1300156042,12.93,10:27:22
1300156047,12.92,10:27:27
1300156052,12.92,10:27:32
1300156057,12.92,10:27:37
1300156062,12.91,10:27:42
1300156067,12.92,10:27:47
1300156072,12.91,10:27:52
1300156077,12.92,10:27:57
1300156082,12.92,10:28:02
1300156087,12.91,10:28:07
1300156092,12.91,10:28:12
1300156097,12.91,10:28:17
1300156102,12.92,10:28:22
1300156102,12.91,10:28:22
1300156112,12.91,10:28:32
1300156117,12.91,10:28:37
1300156122,12.91,10:28:42
1300156127,12.91,10:28:47
1300156132,12.9,10:28:52
1300156137,12.91,10:28:57
1300156142,12.9,10:29:02
1300156147,12.91,10:29:07
1300156152,12.9,10:29:12
1300156157,12.9,10:29:17
1300156162,12.91,10:29:22
1300156162,12.91,10:29:22
1300156172,12.91,10:29:32
1300156177,12.91,10:29:37
1300156182,12.9,10:29:42
1300156187,12.91,10:29:47
1300156192,12.9,10:29:52
1300156197,12.91,10:29:57
1300156202,12.91,10:30:02
1300156207,12.91,10:30:07
1300156212,12.91,10:30:12
1300156217,12.91,10:30:17
1300156222,12.9,10:30:22
1300156227,12.91,10:30:27
1300156232,12.91,10:30:32
1300156237,12.91,10:30:37
1300156242,12.9,10:30:42
1300156247,12.91,10:30:47
1300156252,12.9,10:30:52
1300156257,12.91,10:30:57
1300156262,12.91,10:31:02
1300156267,12.91,10:31:07
1300156272,12.91,10:31:12
1300156277,12.91,10:31:17
1300156282,12.91,10:31:22
1300156287,12.92,10:31:27
1300156292,12.91,10:31:32
1300156297,12.91,10:31:37
1300156302,12.91,10:31:42
1300156307,12.92,10:31:47
1300156312,12.92,10:31:52
1300156317,12.92,10:31:57
1300156317,12.92,10:31:57
1300156327,12.91,10:32:07
1300156332,12.92,10:32:12
1300156337,12.93,10:32:17
1300156342,12.93,10:32:22
1300156347,12.93,10:32:27
1300156352,12.93,10:32:32
1300156357,12.92,10:32:37
1300156362,12.92,10:32:42
1300156367,12.92,10:32:47
1300156372,12.92,10:32:52
1300156377,12.91,10:32:57
1300156382,12.93,10:33:02
1300156387,12.92,10:33:07
1300156392,12.92,10:33:12
1300156397,12.94,10:33:17
1300156402,12.92,10:33:22
1300156407,12.93,10:33:27
1300156412,12.92,10:33:32
1300156417,12.93,10:33:37
1300156417,12.94,10:33:37
1300156427,12.92,10:33:47
1300156432,12.93,10:33:52
1300156437,12.93,10:33:57
1300156442,12.93,10:34:02
1300156447,12.93,10:34:07
1300156452,12.93,10:34:12
1300156457,12.93,10:34:17
1300156462,12.94,10:34:22
1300156467,12.91,10:34:27
1300156472,12.91,10:34:32
1300156477,12.93,10:34:37
1300156477,12.93,10:34:37
1300156487,12.93,10:34:47
1300156492,12.91,10:34:52
1300156497,12.91,10:34:57
1300156502,12.93,10:35:02
1300156507,12.92,10:35:07
1300156517,12.92,10:35:17
1300156522,12.92,10:35:22
1300156527,12.93,10:35:27
1300156527,12.93,10:35:27
1300156537,12.93,10:35:37
1300156542,12.94,10:35:42
1300156547,12.94,10:35:47
1300156552,12.93,10:35:52
1300156557,12.93,10:35:57
1300156557,12.94,10:35:57
1300156567,12.93,10:36:07
1300156572,12.93,10:36:12
1300156577,12.93,10:36:17
1300156582,12.93,10:36:22
1300156587,12.93,10:36:27
1300156587,12.93,10:36:27
1300156597,12.93,10:36:37
1300156602,12.93,10:36:42
1300156607,12.92,10:36:47
1300156612,12.93,10:36:52
1300156617,12.92,10:36:57
1300156622,12.93,10:37:02
1300156627,12.93,10:37:07
1300156632,12.93,10:37:12
1300156637,12.93,10:37:17
1300156642,12.93,10:37:22
1300156647,12.93,10:37:27
1300156652,12.94,10:37:32
1300156657,12.93,10:37:37
1300156662,12.94,10:37:42
1300156667,12.93,10:37:47
1300156672,12.94,10:37:52
1300156677,12.94,10:37:57
1300156682,12.93,10:38:02
1300156687,12.92,10:38:07
1300156692,12.94,10:38:12
1300156697,12.93,10:38:17
1300156702,12.94,10:38:22
1300156707,12.93,10:38:27
1300156712,12.93,10:38:32
1300156717,12.93,10:38:37
1300156722,12.94,10:38:42
1300156727,12.93,10:38:47
1300156732,12.93,10:38:52
1300156737,12.93,10:38:57
1300156742,12.93,10:39:02
1300156747,12.92,10:39:07
1300156752,12.92,10:39:12
1300156757,12.93,10:39:17
1300156767,12.92,10:39:27
1300156772,12.93,10:39:32
1300156777,12.92,10:39:37
1300156782,12.91,10:39:42
1300156787,12.93,10:39:47
1300156792,12.91,10:39:52
1300156797,12.92,10:39:57
1300156802,12.91,10:40:02
1300156807,12.91,10:40:07
1300156812,12.91,10:40:12
1300156817,12.9,10:40:17
1300156822,12.9,10:40:22
1300156827,12.91,10:40:27
1300156832,12.9,10:40:32
1300156837,12.91,10:40:37
1300156842,12.9,10:40:42
1300156847,12.91,10:40:47
1300156852,12.91,10:40:52
1300156857,12.91,10:40:57
1300156862,12.91,10:41:02
1300156867,12.9,10:41:07
1300156872,12.91,10:41:12
1300156877,12.9,10:41:17
1300156882,12.9,10:41:22
1300156887,12.9,10:41:27
1300156892,12.91,10:41:32
1300156897,12.9,10:41:37
1300156902,12.9,10:41:42
1300156907,12.9,10:41:47
1300156912,12.9,10:41:52
1300156917,12.9,10:41:57
1300156922,12.91,10:42:02
1300156927,12.91,10:42:07
1300156932,12.91,10:42:12
1300156937,12.9,10:42:17
1300156942,12.9,10:42:22
1300156947,12.9,10:42:27
1300156952,12.9,10:42:32
1300156957,12.9,10:42:37
1300156962,12.9,10:42:42
1300156967,12.9,10:42:47
1300156972,12.91,10:42:52
1300156977,12.9,10:42:57
1300156982,12.9,10:43:02
1300156982,12.9,10:43:02
1300156992,12.9,10:43:12
1300156997,12.9,10:43:17
1300157002,12.9,10:43:22
1300157007,12.9,10:43:27
1300157012,12.9,10:43:32
1300157017,12.9,10:43:37
1300157022,12.9,10:43:42
1300157027,12.9,10:43:47
1300157032,12.9,10:43:52
1300157037,12.9,10:43:57
1300157042,12.9,10:44:02
1300157057,12.91,10:44:17
1300157062,12.89,10:44:22
1300157067,12.9,10:44:27
1300157072,12.9,10:44:32
1300157077,12.9,10:44:37
1300157082,12.89,10:44:42
1300157087,12.9,10:44:47
1300157092,12.9,10:44:52
1300157097,12.91,10:44:57
1300157102,12.9,10:45:02
1300157107,12.89,10:45:07
1300157112,12.89,10:45:12
1300157117,12.9,10:45:17
1300157122,12.89,10:45:22
1300157127,12.89,10:45:27
1300157132,12.89,10:45:32
1300157137,12.89,10:45:37
1300157142,12.89,10:45:42
1300157147,12.9,10:45:47
1300157152,12.89,10:45:52
1300157157,12.89,10:45:57
1300157162,12.89,10:46:02
1300157162,12.88,10:46:02
1300157167,12.86,10:46:07
1300157177,12.88,10:46:17
1300157182,12.88,10:46:22
1300157187,12.86,10:46:27
1300157192,12.88,10:46:32
1300157197,12.87,10:46:37
1300157202,12.87,10:46:42
1300157207,12.87,10:46:47
1300157212,12.87,10:46:52
1300157217,12.87,10:46:57
1300157222,12.86,10:47:02
1300157227,12.86,10:47:07
1300157232,12.86,10:47:12
1300157237,12.85,10:47:17
1300157242,12.84,10:47:22
1300157247,12.86,10:47:27
1300157252,12.85,10:47:32
1300157257,12.84,10:47:37
1300157262,12.84,10:47:42
1300157267,12.85,10:47:47
1300157272,12.84,10:47:52
1300157277,12.85,10:47:57
1300157282,12.84,10:48:02
1300157287,12.84,10:48:07
1300157292,12.84,10:48:12
1300157297,12.84,10:48:17
1300157302,12.84,10:48:22
1300157307,12.84,10:48:27
1300157312,12.85,10:48:32
1300157317,12.85,10:48:37
1300157322,12.85,10:48:42
1300157327,12.85,10:48:47
1300157332,12.85,10:48:52
1300157337,12.85,10:48:57
1300157342,12.85,10:49:02
1300157347,12.85,10:49:07
1300157352,12.86,10:49:12
1300157357,12.85,10:49:17
1300157362,12.85,10:49:22
1300157367,12.85,10:49:27
1300157372,12.85,10:49:32
1300157377,12.85,10:49:37
1300157382,12.86,10:49:42
1300157387,12.85,10:49:47
1300157392,12.86,10:49:52
1300157397,12.85,10:49:57
1300157402,12.85,10:50:02
1300157407,12.85,10:50:07
1300157412,12.86,10:50:12
1300157417,12.85,10:50:17
1300157422,12.86,10:50:22
1300157427,12.85,10:50:27
1300157432,12.86,10:50:32
1300157437,12.86,10:50:37
1300157442,12.84,10:50:42
1300157447,12.86,10:50:47
1300157447,12.85,10:50:47
1300157457,12.85,10:50:57
1300157462,12.86,10:51:02
1300157467,12.84,10:51:07
1300157472,12.85,10:51:12
1300157477,12.85,10:51:17
1300157482,12.85,10:51:22
1300157487,12.84,10:51:27
1300157492,12.84,10:51:32
1300157497,12.85,10:51:37
1300157502,12.85,10:51:42
1300157507,12.85,10:51:47
1300157512,12.84,10:51:52
1300157517,12.85,10:51:57
1300157522,12.85,10:52:02
1300157527,12.85,10:52:07
1300157532,12.85,10:52:12
1300157537,12.85,10:52:17
1300157542,12.85,10:52:22
1300157547,12.85,10:52:27
1300157557,12.84,10:52:37
1300157567,12.84,10:52:47
1300157572,12.85,10:52:52
1300157577,12.84,10:52:57
1300157582,12.85,10:53:02
1300157587,12.83,10:53:07
1300157592,12.82,10:53:12
1300157597,12.83,10:53:17
1300157602,12.83,10:53:22
1300157607,12.84,10:53:27
1300157612,12.84,10:53:32
1300157617,12.82,10:53:37
1300157622,12.84,10:53:42
1300157627,12.82,10:53:47
1300157632,12.82,10:53:52
1300157637,12.83,10:53:57
1300157642,12.82,10:54:02
1300157647,12.83,10:54:07
1300157652,12.84,10:54:12
1300157657,12.82,10:54:17
1300157662,12.83,10:54:22
1300157672,12.83,10:54:32
1300157677,12.83,10:54:37
1300157682,12.84,10:54:42
1300157687,12.84,10:54:47
1300157692,12.83,10:54:52
1300157697,12.83,10:54:57
1300157702,12.83,10:55:02
1300157707,12.82,10:55:07
1300157712,12.82,10:55:12
1300157717,12.83,10:55:17
1300157722,12.82,10:55:22
1300157727,12.82,10:55:27
1300157732,12.82,10:55:32
1300157737,12.82,10:55:37
1300157742,12.82,10:55:42
1300157747,12.82,10:55:47
1300157752,12.8,10:55:52
1300157757,12.8,10:55:57
1300157762,12.82,10:56:02
1300157767,12.8,10:56:07
1300157772,12.8,10:56:12
1300157777,12.81,10:56:17
1300157782,12.8,10:56:22
1300157787,12.81,10:56:27
1300157792,12.81,10:56:32
1300157797,12.81,10:56:37
1300157802,12.81,10:56:42
1300157807,12.81,10:56:47
1300157812,12.8,10:56:52
1300157817,12.8,10:56:57
1300157822,12.81,10:57:02
1300157827,12.8,10:57:07
1300157832,12.81,10:57:12
1300157837,12.81,10:57:17
1300157842,12.81,10:57:22
1300157847,12.8,10:57:27
1300157852,12.81,10:57:32
1300157857,12.8,10:57:37
1300157862,12.8,10:57:42
1300157867,12.8,10:57:47
1300157872,12.8,10:57:52
1300157877,12.8,10:57:57
1300157882,12.8,10:58:02
1300157887,12.8,10:58:07
1300157892,12.8,10:58:12
1300157897,12.8,10:58:17
1300157902,12.8,10:58:22
1300157907,12.79,10:58:27
1300157912,12.8,10:58:32
1300157917,12.79,10:58:37
1300157922,12.8,10:58:42
1300157927,12.79,10:58:47
1300157932,12.79,10:58:52
1300157937,12.8,10:58:57
1300157942,12.78,10:59:02
1300157947,12.79,10:59:07
1300157952,12.78,10:59:12
1300157957,12.78,10:59:17
1300157962,12.79,10:59:22
1300157967,12.79,10:59:27
1300157972,12.79,10:59:32
1300157977,12.78,10:59:37
1300157982,12.78,10:59:42
1300157987,12.78,10:59:47
1300157992,12.78,10:59:52
1300158002,12.78,11:00:02
1300158007,12.78,11:00:07
1300158012,12.77,11:00:12
1300158017,12.77,11:00:17
1300158022,12.78,11:00:22
1300158027,12.78,11:00:27
1300158032,12.79,11:00:32
1300158037,12.77,11:00:37
1300158042,12.77,11:00:42
1300158047,12.77,11:00:47
1300158052,12.77,11:00:52
1300158057,12.76,11:00:57
1300158062,12.77,11:01:02
1300158067,12.77,11:01:07
1300158072,12.77,11:01:12
1300158077,12.77,11:01:17
1300158082,12.76,11:01:22
1300158087,12.76,11:01:27
1300158092,12.76,11:01:32
1300158097,12.76,11:01:37
1300158102,12.76,11:01:42
1300158107,12.76,11:01:47
1300158112,12.76,11:01:52
1300158117,12.75,11:01:57
1300158122,12.75,11:02:02
1300158127,12.76,11:02:07
1300158132,12.76,11:02:12
1300158137,12.76,11:02:17
1300158142,12.78,11:02:22
1300158147,12.76,11:02:27
1300158152,12.78,11:02:32
1300158157,12.75,11:02:37
1300158162,12.75,11:02:42
1300158167,12.75,11:02:47
1300158172,12.76,11:02:52
1300158177,12.77,11:02:57
1300158182,12.75,11:03:02
1300158187,12.75,11:03:07
1300158192,12.75,11:03:12
1300158197,12.75,11:03:17
1300158202,12.74,11:03:22
1300158207,12.74,11:03:27
1300158212,12.75,11:03:32
1300158217,12.75,11:03:37
1300158222,12.75,11:03:42
1300158227,12.75,11:03:47
1300158232,12.76,11:03:52
1300158237,12.76,11:03:57
1300158242,12.76,11:04:02
1300158247,12.76,11:04:07
1300158252,12.76,11:04:12
1300158257,12.77,11:04:17
1300158262,12.77,11:04:22
1300158267,12.77,11:04:27
1300158272,12.77,11:04:32
1300158277,12.77,11:04:37
1300158287,12.77,11:04:47
1300158292,12.77,11:04:52
1300158297,12.76,11:04:57
1300158302,12.77,11:05:02
1300158307,12.77,11:05:07
1300158312,12.77,11:05:12
1300158317,12.77,11:05:17
1300158322,12.77,11:05:22
1300158327,12.77,11:05:27
1300158332,12.77,11:05:32
1300158337,12.77,11:05:37
1300158342,12.78,11:05:42
1300158347,12.77,11:05:47
1300158352,12.77,11:05:52
1300158357,12.77,11:05:57
1300158362,12.76,11:06:02
1300158367,12.77,11:06:07
1300158372,12.77,11:06:12
1300158377,12.77,11:06:17
1300158382,12.77,11:06:22
1300158387,12.77,11:06:27
1300158392,12.77,11:06:32
1300158397,12.77,11:06:37
1300158402,12.77,11:06:42
1300158407,12.77,11:06:47
1300158412,12.77,11:06:52
1300158417,12.77,11:06:57
1300158422,12.78,11:07:02
1300158427,12.78,11:07:07
1300158432,12.78,11:07:12
1300158437,12.78,11:07:17
1300158442,12.77,11:07:22
1300158447,12.78,11:07:27
1300158452,12.78,11:07:32
1300158457,12.79,11:07:37
1300158457,12.78,11:07:37
1300158472,12.79,11:07:52
1300158477,12.79,11:07:57
1300158482,12.8,11:08:02
1300158487,12.8,11:08:07
1300158492,12.8,11:08:12
1300158497,12.8,11:08:17
1300158502,12.79,11:08:22
1300158507,12.8,11:08:27
1300158512,12.8,11:08:32
1300158517,12.8,11:08:37
1300158522,12.8,11:08:42
1300158527,12.81,11:08:47
1300158532,12.8,11:08:52
1300158537,12.8,11:08:57
1300158542,12.8,11:09:02
1300158547,12.81,11:09:07
1300158552,12.81,11:09:12
1300158557,12.82,11:09:17
1300158562,12.82,11:09:22
1300158567,12.81,11:09:27
1300158572,12.82,11:09:32
1300158577,12.83,11:09:37
1300158582,12.83,11:09:42
1300158587,12.83,11:09:47
1300158592,12.84,11:09:52
1300158597,12.83,11:09:57
1300158602,12.83,11:10:02
1300158607,12.83,11:10:07
1300158612,12.82,11:10:12
1300158617,12.83,11:10:17
1300158622,12.82,11:10:22
1300158627,12.82,11:10:27
1300158632,12.82,11:10:32
1300158637,12.82,11:10:37
1300158642,12.82,11:10:42
1300158647,12.82,11:10:47
1300158652,12.82,11:10:52
1300158657,12.83,11:10:57
1300158662,12.81,11:11:02
1300158667,12.83,11:11:07
1300158672,12.83,11:11:12
1300158677,12.82,11:11:17
1300158682,12.82,11:11:22
1300158687,12.82,11:11:27
1300158692,12.82,11:11:32
1300158697,12.81,11:11:37
1300158702,12.81,11:11:42
1300158707,12.82,11:11:47
1300158712,12.81,11:11:52
1300158717,12.82,11:11:57
1300158722,12.82,11:12:02
1300158727,12.81,11:12:07
1300158732,12.8,11:12:12
1300158737,12.81,11:12:17
1300158742,12.81,11:12:22
1300158747,12.81,11:12:27
1300158752,12.81,11:12:32
1300158757,12.8,11:12:37
1300158762,12.8,11:12:42
1300158767,12.81,11:12:47
1300158772,12.82,11:12:52
1300158777,12.8,11:12:57
1300158782,12.8,11:13:02
1300158787,12.8,11:13:07
1300158792,12.8,11:13:12
1300158797,12.8,11:13:17
1300158802,12.82,11:13:22
1300158812,12.81,11:13:32
1300158817,12.81,11:13:37
1300158822,12.8,11:13:42
1300158827,12.81,11:13:47
1300158832,12.81,11:13:52
1300158837,12.8,11:13:57
1300158842,12.8,11:14:02
1300158847,12.81,11:14:07
1300158852,12.81,11:14:12
1300158862,12.81,11:14:22
1300158867,12.81,11:14:27
1300158872,12.81,11:14:32
1300158877,12.81,11:14:37
1300158877,12.8,11:14:37
1300158887,12.81,11:14:47
1300158892,12.82,11:14:52
1300158897,12.81,11:14:57
1300158902,12.8,11:15:02
1300158907,12.8,11:15:07
1300158912,12.81,11:15:12
1300158917,12.82,11:15:17
1300158922,12.82,11:15:22
1300158922,12.82,11:15:22
1300158932,12.8,11:15:32
1300158937,12.82,11:15:37
1300158937,12.83,11:15:37
1300158957,12.81,11:15:57
1300158962,12.81,11:16:02
1300158967,12.81,11:16:07
1300158972,12.81,11:16:12
1300158977,12.81,11:16:17
1300158982,12.81,11:16:22
1300159002,12.81,11:16:42
1300159002,12.82,11:16:42
1300159012,12.82,11:16:52
1300159017,12.82,11:16:57
1300159022,12.81,11:17:02
1300159027,12.81,11:17:07
1300159032,12.82,11:17:12
1300159042,12.82,11:17:22
1300159047,12.81,11:17:27
1300159047,12.82,11:17:27
1300159057,12.82,11:17:37
1300159062,12.82,11:17:42
1300159067,12.81,11:17:47
1300159072,12.81,11:17:52
1300159077,12.82,11:17:57
1300159082,12.81,11:18:02
1300159087,12.81,11:18:07
1300159092,12.82,11:18:12
1300159097,12.82,11:18:17
1300159102,12.81,11:18:22
1300159107,12.81,11:18:27
1300159112,12.82,11:18:32
1300159117,12.81,11:18:37
1300159122,12.82,11:18:42
1300159132,12.81,11:18:52
1300159142,12.82,11:19:02
1300159147,12.82,11:19:07
1300159152,12.81,11:19:12
1300159157,12.82,11:19:17
1300159162,12.82,11:19:22
1300159167,12.83,11:19:27
1300159177,12.82,11:19:37
1300159182,12.82,11:19:42
1300159187,12.81,11:19:47
1300159192,12.82,11:19:52
1300159197,12.82,11:19:57
1300159202,12.83,11:20:02
1300159207,12.82,11:20:07
1300159212,12.82,11:20:12
1300159217,12.82,11:20:17
1300159222,12.82,11:20:22
1300159227,12.82,11:20:27
1300159232,12.82,11:20:32
1300159237,12.82,11:20:37
1300159242,12.82,11:20:42
1300159247,12.82,11:20:47
1300159252,12.82,11:20:52
1300159257,12.82,11:20:57
1300159262,12.82,11:21:02
1300159267,12.82,11:21:07
1300159272,12.81,11:21:12
1300159277,12.82,11:21:17
1300159282,12.81,11:21:22
1300159287,12.82,11:21:27
1300159292,12.82,11:21:32
1300159297,12.82,11:21:37
1300159302,12.81,11:21:42
1300159307,12.81,11:21:47
1300159312,12.82,11:21:52
1300159317,12.82,11:21:57
1300159322,12.81,11:22:02
1300159327,12.81,11:22:07
1300159332,12.81,11:22:12
1300159337,12.81,11:22:17
1300159342,12.82,11:22:22
1300159347,12.81,11:22:27
1300159352,12.82,11:22:32
1300159357,12.81,11:22:37
1300159362,12.82,11:22:42
1300159362,12.81,11:22:42
1300159372,12.82,11:22:52
1300159377,12.82,11:22:57
1300159382,12.82,11:23:02
1300159387,12.82,11:23:07
1300159392,12.81,11:23:12
1300159397,12.81,11:23:17
1300159402,12.82,11:23:22
1300159407,12.82,11:23:27
1300159412,12.82,11:23:32
1300159417,12.82,11:23:37
1300159422,12.82,11:23:42
1300159427,12.82,11:23:47
1300159432,12.82,11:23:52
1300159437,12.82,11:23:57
1300159442,12.82,11:24:02
1300159447,12.83,11:24:07
1300159452,12.83,11:24:12
1300159457,12.83,11:24:17
1300159462,12.83,11:24:22
1300159467,12.83,11:24:27
1300159472,12.84,11:24:32
1300159477,12.84,11:24:37
1300159482,12.84,11:24:42
1300159487,12.85,11:24:47
1300159492,12.85,11:24:52
1300159497,12.85,11:24:57
1300159502,12.85,11:25:02
1300159507,12.87,11:25:07
1300159512,12.86,11:25:12
1300159517,12.86,11:25:17
1300159522,12.87,11:25:22
1300159527,12.86,11:25:27
1300159537,12.86,11:25:37
1300159547,12.86,11:25:47
1300159552,12.86,11:25:52
1300159557,12.86,11:25:57
1300159562,12.86,11:26:02
1300159567,12.86,11:26:07
1300159572,12.86,11:26:12
1300159577,12.86,11:26:17
1300159582,12.85,11:26:22
1300159587,12.86,11:26:27
1300159592,12.86,11:26:32
1300159597,12.86,11:26:37
1300159602,12.85,11:26:42
1300159607,12.86,11:26:47
1300159612,12.85,11:26:52
1300159617,12.86,11:26:57
1300159622,12.86,11:27:02
1300159627,12.86,11:27:07
1300159632,12.87,11:27:12
1300159637,12.86,11:27:17
1300159642,12.86,11:27:22
1300159647,12.86,11:27:27
1300159652,12.85,11:27:32
1300159657,12.87,11:27:37
1300159662,12.86,11:27:42
1300159667,12.86,11:27:47
1300159672,12.86,11:27:52
1300159677,12.86,11:27:57
1300159682,12.86,11:28:02
1300159687,12.86,11:28:07
1300159692,12.86,11:28:12
1300159697,12.85,11:28:17
1300159702,12.86,11:28:22
1300159707,12.87,11:28:27
1300159712,12.87,11:28:32
1300159717,12.87,11:28:37
1300159722,12.87,11:28:42
1300159727,12.86,11:28:47
1300159732,12.87,11:28:52
1300159737,12.86,11:28:57
1300159742,12.86,11:29:02
1300159747,12.86,11:29:07
1300159752,12.86,11:29:12
1300159757,12.86,11:29:17
1300159762,12.86,11:29:22
1300159767,12.86,11:29:27
1300159772,12.86,11:29:32
1300159777,12.86,11:29:37
1300159782,12.86,11:29:42
1300159787,12.86,11:29:47
1300159797,12.86,11:29:57
1300159802,12.87,11:30:02
1300165203,12.84,13:00:03
1300165208,12.82,13:00:08
1300165213,12.83,13:00:13
1300165218,12.82,13:00:18
1300165223,12.82,13:00:23
1300165228,12.83,13:00:28
1300165233,12.82,13:00:33
1300165238,12.8,13:00:38
1300165243,12.79,13:00:43
1300165248,12.79,13:00:48
1300165253,12.79,13:00:53
1300165258,12.79,13:00:58
1300165263,12.78,13:01:03
1300165268,12.79,13:01:08
1300165273,12.79,13:01:13
1300165278,12.78,13:01:18
1300165283,12.79,13:01:23
1300165288,12.78,13:01:28
1300165293,12.79,13:01:33
1300165298,12.78,13:01:38
1300165303,12.79,13:01:43
1300165303,12.79,13:01:43
1300165313,12.78,13:01:53
1300165318,12.78,13:01:58
1300165323,12.79,13:02:03
1300165328,12.78,13:02:08
1300165333,12.78,13:02:13
1300165338,12.77,13:02:18
1300165343,12.77,13:02:23
1300165348,12.78,13:02:28
1300165353,12.77,13:02:33
1300165358,12.77,13:02:38
1300165363,12.77,13:02:43
1300165368,12.76,13:02:48
1300165373,12.77,13:02:53
1300165378,12.77,13:02:58
1300165383,12.76,13:03:03
1300165388,12.76,13:03:08
1300165393,12.76,13:03:13
1300165398,12.76,13:03:18
1300165403,12.76,13:03:23
1300165408,12.76,13:03:28
1300165413,12.76,13:03:33
1300165423,12.75,13:03:43
1300165428,12.75,13:03:48
1300165433,12.76,13:03:53
1300165443,12.76,13:04:03
1300165448,12.76,13:04:08
1300165453,12.76,13:04:13
1300165458,12.76,13:04:18
1300165463,12.76,13:04:23
1300165468,12.76,13:04:28
1300165473,12.76,13:04:33
1300165478,12.76,13:04:38
1300165483,12.76,13:04:43
1300165488,12.76,13:04:48
1300165493,12.76,13:04:53
1300165498,12.75,13:04:58
1300165503,12.76,13:05:03
1300165508,12.76,13:05:08
1300165513,12.76,13:05:13
1300165518,12.76,13:05:18
1300165523,12.77,13:05:23
1300165528,12.77,13:05:28
1300165533,12.76,13:05:33
1300165538,12.77,13:05:38
1300165543,12.77,13:05:43
1300165548,12.75,13:05:48
1300165553,12.76,13:05:53
1300165558,12.76,13:05:58
1300165563,12.77,13:06:03
1300165568,12.77,13:06:08
1300165573,12.77,13:06:13
1300165578,12.78,13:06:18
1300165583,12.75,13:06:23
1300165588,12.76,13:06:28
1300165593,12.76,13:06:33
1300165598,12.76,13:06:38
1300165603,12.77,13:06:43
1300165608,12.76,13:06:48
1300165608,12.78,13:06:48
1300165618,12.75,13:06:58
1300165623,12.76,13:07:03
1300165628,12.76,13:07:08
1300165633,12.76,13:07:13
1300165638,12.76,13:07:18
1300165643,12.77,13:07:23
1300165648,12.76,13:07:28
1300165653,12.77,13:07:33
1300165658,12.77,13:07:38
1300165663,12.77,13:07:43
1300165668,12.78,13:07:48
1300165673,12.77,13:07:53
1300165678,12.79,13:07:58
1300165683,12.79,13:08:03
1300165688,12.79,13:08:08
1300165693,12.77,13:08:13
1300165698,12.8,13:08:18
1300165703,12.78,13:08:23
1300165708,12.8,13:08:28
1300165713,12.8,13:08:33
1300165718,12.8,13:08:38
1300165723,12.85,13:08:43
1300165728,12.85,13:08:48
1300165733,12.85,13:08:53
1300165738,12.8,13:08:58
1300165743,12.8,13:09:03
1300165748,12.8,13:09:08
1300165753,12.83,13:09:13
1300165758,12.84,13:09:18
1300165763,12.84,13:09:23
1300165768,12.84,13:09:28
1300165778,12.84,13:09:38
1300165783,12.84,13:09:43
1300165788,12.84,13:09:48
1300165793,12.84,13:09:53
1300165798,12.83,13:09:58
1300165803,12.81,13:10:03
1300165808,12.83,13:10:08
1300165813,12.82,13:10:13
1300165818,12.82,13:10:18
1300165823,12.82,13:10:23
1300165828,12.8,13:10:28
1300165838,12.8,13:10:38
1300165843,12.82,13:10:43
1300165843,12.81,13:10:43
1300165853,12.8,13:10:53
1300165858,12.81,13:10:58
1300165863,12.81,13:11:03
1300165868,12.81,13:11:08
1300165873,12.81,13:11:13
1300165878,12.81,13:11:18
1300165883,12.8,13:11:23
1300165888,12.82,13:11:28
1300165893,12.8,13:11:33
1300165898,12.81,13:11:38
1300165908,12.81,13:11:48
1300165913,12.81,13:11:53
1300165923,12.8,13:12:03
1300165923,12.8,13:12:03
1300165933,12.8,13:12:13
1300165938,12.8,13:12:18
1300165943,12.79,13:12:23
1300165953,12.8,13:12:33
1300165963,12.78,13:12:43
1300165968,12.79,13:12:48
1300165973,12.78,13:12:53
1300165978,12.78,13:12:58
1300165983,12.78,13:13:03
1300165988,12.79,13:13:08
1300165993,12.78,13:13:13
1300166003,12.79,13:13:23
1300166008,12.79,13:13:28
1300166013,12.79,13:13:33
1300166018,12.79,13:13:38
1300166023,12.79,13:13:43
1300166028,12.79,13:13:48
1300166033,12.79,13:13:53
1300166038,12.79,13:13:58
1300166043,12.8,13:14:03
1300166048,12.78,13:14:08
1300166053,12.81,13:14:13
1300166058,12.81,13:14:18
1300166063,12.79,13:14:23
1300166063,12.79,13:14:23
1300166073,12.79,13:14:33
1300166078,12.79,13:14:38
1300166083,12.79,13:14:43
1300166088,12.8,13:14:48
1300166093,12.78,13:14:53
1300166098,12.78,13:14:58
1300166103,12.79,13:15:03
1300166108,12.79,13:15:08
1300166113,12.78,13:15:13
1300166118,12.8,13:15:18
1300166123,12.8,13:15:23
1300166128,12.78,13:15:28
1300166133,12.8,13:15:33
1300166138,12.78,13:15:38
1300166143,12.79,13:15:43
1300166148,12.8,13:15:48
1300166153,12.79,13:15:53
1300166158,12.8,13:15:58
1300166163,12.79,13:16:03
1300166168,12.8,13:16:08
1300166173,12.8,13:16:13
1300166178,12.8,13:16:18
1300166183,12.82,13:16:23
1300166188,12.78,13:16:28
1300166198,12.81,13:16:38
1300166203,12.8,13:16:43
1300166208,12.79,13:16:48
1300166213,12.8,13:16:53
1300166218,12.8,13:16:58
1300166223,12.8,13:17:03
1300166228,12.8,13:17:08
1300166233,12.79,13:17:13
1300166238,12.8,13:17:18
1300166248,12.8,13:17:28
1300166253,12.81,13:17:33
1300166258,12.82,13:17:38
1300166263,12.8,13:17:43
1300166268,12.8,13:17:48
1300166278,12.8,13:17:58
1300166283,12.8,13:18:03
1300166288,12.8,13:18:08
1300166293,12.8,13:18:13
1300166298,12.8,13:18:18
1300166308,12.8,13:18:28
1300166308,12.81,13:18:28
1300166318,12.8,13:18:38
1300166323,12.81,13:18:43
1300166328,12.81,13:18:48
1300166333,12.8,13:18:53
1300166338,12.8,13:18:58
1300166343,12.8,13:19:03
1300166348,12.79,13:19:08
1300166353,12.8,13:19:13
1300166358,12.79,13:19:18
1300166363,12.78,13:19:23
1300166368,12.78,13:19:28
1300166373,12.77,13:19:33
1300166373,12.78,13:19:33
1300166383,12.78,13:19:43
1300166388,12.78,13:19:48
1300166398,12.77,13:19:58
1300166408,12.77,13:20:08
1300166418,12.78,13:20:18
1300166428,12.78,13:20:28
1300166438,12.79,13:20:38
1300166443,12.77,13:20:43
1300166448,12.77,13:20:48
1300166458,12.76,13:20:58
1300166463,12.78,13:21:03
1300166478,12.77,13:21:18
1300166483,12.77,13:21:23
1300166488,12.77,13:21:28
1300166498,12.78,13:21:38
1300166503,12.77,13:21:43
1300166508,12.79,13:21:48
1300166513,12.79,13:21:53
1300166518,12.78,13:21:58
1300166523,12.79,13:22:03
1300166528,12.79,13:22:08
1300166533,12.79,13:22:13
1300166538,12.77,13:22:18
1300166543,12.78,13:22:23
1300166548,12.77,13:22:28
1300166548,12.78,13:22:28
1300166558,12.78,13:22:38
1300166563,12.78,13:22:43
1300166568,12.78,13:22:48
1300166573,12.78,13:22:53
1300166578,12.78,13:22:58
1300166578,12.79,13:22:58
1300166588,12.78,13:23:08
1300166593,12.78,13:23:13
1300166598,12.76,13:23:18
1300166603,12.77,13:23:23
1300166608,12.78,13:23:28
1300166613,12.78,13:23:33
1300166618,12.77,13:23:38
1300166623,12.77,13:23:43
1300166628,12.78,13:23:48
1300166633,12.78,13:23:53
1300166638,12.78,13:23:58
1300166643,12.78,13:24:03
1300166648,12.78,13:24:08
1300166653,12.78,13:24:13
1300166658,12.78,13:24:18
1300166663,12.79,13:24:23
1300166668,12.78,13:24:28
1300166673,12.79,13:24:33
1300166678,12.78,13:24:38
1300166683,12.79,13:24:43
1300166688,12.79,13:24:48
1300166693,12.79,13:24:53
1300166698,12.77,13:24:58
1300166703,12.79,13:25:03
1300166708,12.77,13:25:08
1300166713,12.79,13:25:13
1300166718,12.79,13:25:18
1300166728,12.77,13:25:28
1300166733,12.8,13:25:33
1300166738,12.79,13:25:38
1300166743,12.8,13:25:43
1300166748,12.78,13:25:48
1300166753,12.78,13:25:53
1300166758,12.79,13:25:58
1300166763,12.79,13:26:03
1300166768,12.78,13:26:08
1300166773,12.78,13:26:13
1300166778,12.79,13:26:18
1300166783,12.79,13:26:23
1300166788,12.79,13:26:28
1300166793,12.79,13:26:33
1300166798,12.79,13:26:38
1300166803,12.79,13:26:43
1300166808,12.79,13:26:48
1300166813,12.8,13:26:53
1300166818,12.79,13:26:58
1300166823,12.79,13:27:03
1300166823,12.8,13:27:03
1300166833,12.79,13:27:13
1300166838,12.8,13:27:18
1300166843,12.81,13:27:23
1300166848,12.8,13:27:28
1300166853,12.81,13:27:33
1300166858,12.82,13:27:38
1300166863,12.82,13:27:43
1300166868,12.82,13:27:48
1300166873,12.82,13:27:53
1300166878,12.81,13:27:58
1300166883,12.81,13:28:03
1300166888,12.83,13:28:08
1300166893,12.83,13:28:13
1300166903,12.81,13:28:23
1300166908,12.82,13:28:28
1300166913,12.8,13:28:33
1300166923,12.81,13:28:43
1300166928,12.81,13:28:48
1300166933,12.79,13:28:53
1300166938,12.81,13:28:58
1300166948,12.8,13:29:08
1300166958,12.82,13:29:18
1300166963,12.8,13:29:23
1300166968,12.81,13:29:28
1300166973,12.81,13:29:33
1300166978,12.81,13:29:38
1300166983,12.81,13:29:43
1300166988,12.82,13:29:48
1300166993,12.8,13:29:53
1300166998,12.8,13:29:58
1300167003,12.81,13:30:03
1300167008,12.82,13:30:08
1300167013,12.82,13:30:13
1300167018,12.81,13:30:18
1300167023,12.82,13:30:23
1300167028,12.81,13:30:28
1300167033,12.8,13:30:33
1300167033,12.81,13:30:33
1300167043,12.8,13:30:43
1300167048,12.82,13:30:48
1300167053,12.82,13:30:53
1300167058,12.82,13:30:58
1300167063,12.81,13:31:03
1300167068,12.81,13:31:08
1300167073,12.82,13:31:13
1300167078,12.82,13:31:18
1300167083,12.82,13:31:23
1300167088,12.82,13:31:28
1300167093,12.82,13:31:33
1300167098,12.82,13:31:38
1300167103,12.81,13:31:43
1300167108,12.82,13:31:48
1300167113,12.82,13:31:53
1300167118,12.82,13:31:58
1300167123,12.82,13:32:03
1300167128,12.82,13:32:08
1300167133,12.82,13:32:13
1300167143,12.82,13:32:23
1300167153,12.82,13:32:33
1300167158,12.82,13:32:38
1300167163,12.82,13:32:43
1300167168,12.81,13:32:48
1300167173,12.82,13:32:53
1300167178,12.81,13:32:58
1300167183,12.82,13:33:03
1300167188,12.82,13:33:08
1300167193,12.8,13:33:13
1300167198,12.81,13:33:18
1300167203,12.81,13:33:23
1300167208,12.8,13:33:28
1300167213,12.8,13:33:33
1300167218,12.8,13:33:38
1300167223,12.8,13:33:43
1300167228,12.79,13:33:48
1300167233,12.79,13:33:53
1300167238,12.79,13:33:58
1300167243,12.81,13:34:03
1300167248,12.8,13:34:08
1300167253,12.8,13:34:13
1300167258,12.8,13:34:18
1300167263,12.81,13:34:23
1300167268,12.81,13:34:28
1300167273,12.8,13:34:33
1300167278,12.78,13:34:38
1300167283,12.8,13:34:43
1300167288,12.79,13:34:48
1300167293,12.79,13:34:53
1300167298,12.79,13:34:58
1300167303,12.79,13:35:03
1300167303,12.79,13:35:03
1300167313,12.79,13:35:13
1300167318,12.8,13:35:18
1300167323,12.79,13:35:23
1300167328,12.8,13:35:28
1300167333,12.79,13:35:33
1300167338,12.8,13:35:38
1300167338,12.78,13:35:38
1300167348,12.79,13:35:48
1300167348,12.79,13:35:48
1300167358,12.8,13:35:58
1300167363,12.8,13:36:03
1300167368,12.8,13:36:08
1300167373,12.8,13:36:13
1300167378,12.79,13:36:18
1300167383,12.8,13:36:23
1300167388,12.8,13:36:28
1300167393,12.79,13:36:33
1300167393,12.79,13:36:33
1300167403,12.79,13:36:43
1300167418,12.8,13:36:58
1300167423,12.8,13:37:03
1300167428,12.79,13:37:08
1300167433,12.79,13:37:13
1300167438,12.8,13:37:18
1300167443,12.8,13:37:23
1300167448,12.8,13:37:28
1300167448,12.8,13:37:28
1300167463,12.79,13:37:43
1300167468,12.8,13:37:48
1300167473,12.8,13:37:53
1300167478,12.79,13:37:58
1300167483,12.79,13:38:03
1300167488,12.79,13:38:08
1300167493,12.79,13:38:13
1300167498,12.79,13:38:18
1300167503,12.79,13:38:23
1300167508,12.79,13:38:28
1300167513,12.78,13:38:33
1300167518,12.79,13:38:38
1300167523,12.78,13:38:43
1300167528,12.78,13:38:48
1300167533,12.78,13:38:53
1300167533,12.77,13:38:53
1300167543,12.78,13:39:03
1300167548,12.77,13:39:08
1300167548,12.78,13:39:08
1300167558,12.77,13:39:18
1300167563,12.77,13:39:23
1300167568,12.76,13:39:28
1300167573,12.77,13:39:33
1300167578,12.77,13:39:38
1300167583,12.77,13:39:43
1300167588,12.76,13:39:48
1300167593,12.76,13:39:53
1300167598,12.76,13:39:58
1300167603,12.77,13:40:03
1300167608,12.77,13:40:08
1300167613,12.77,13:40:13
1300167618,12.76,13:40:18
1300167623,12.76,13:40:23
1300167628,12.77,13:40:28
1300167633,12.77,13:40:33
1300167638,12.77,13:40:38
1300167643,12.77,13:40:43
1300167648,12.77,13:40:48
1300167653,12.77,13:40:53
1300167658,12.78,13:40:58
1300167663,12.78,13:41:03
1300167668,12.77,13:41:08
1300167673,12.77,13:41:13
1300167678,12.78,13:41:18
1300167683,12.77,13:41:23
1300167688,12.77,13:41:28
1300167693,12.77,13:41:33
1300167698,12.78,13:41:38
1300167703,12.78,13:41:43
1300167708,12.78,13:41:48
1300167713,12.78,13:41:53
1300167718,12.77,13:41:58
1300167728,12.78,13:42:08
1300167733,12.78,13:42:13
1300167738,12.78,13:42:18
1300167743,12.77,13:42:23
1300167748,12.78,13:42:28
1300167753,12.78,13:42:33
1300167758,12.77,13:42:38
1300167763,12.78,13:42:43
1300167768,12.79,13:42:48
1300167773,12.79,13:42:53
1300167778,12.79,13:42:58
1300167783,12.79,13:43:03
1300167788,12.79,13:43:08
1300167788,12.8,13:43:08
1300167798,12.8,13:43:18
1300167803,12.8,13:43:23
1300167808,12.8,13:43:28
1300167813,12.8,13:43:33
1300167818,12.8,13:43:38
1300167823,12.8,13:43:43
1300167828,12.79,13:43:48
1300167833,12.79,13:43:53
1300167838,12.79,13:43:58
1300167843,12.8,13:44:03
1300167848,12.8,13:44:08
1300167853,12.8,13:44:13
1300167858,12.8,13:44:18
1300167863,12.8,13:44:23
1300167868,12.78,13:44:28
1300167873,12.79,13:44:33
1300167878,12.8,13:44:38
1300167883,12.8,13:44:43
1300167888,12.81,13:44:48
1300167893,12.8,13:44:53
1300167898,12.8,13:44:58
1300167903,12.81,13:45:03
1300167913,12.81,13:45:13
1300167918,12.8,13:45:18
1300167923,12.8,13:45:23
1300167928,12.81,13:45:28
1300167938,12.81,13:45:38
1300167948,12.81,13:45:48
1300167953,12.81,13:45:53
1300167958,12.82,13:45:58
1300167963,12.82,13:46:03
1300167968,12.81,13:46:08
1300167973,12.81,13:46:13
1300167978,12.81,13:46:18
1300167983,12.81,13:46:23
1300167988,12.81,13:46:28
1300167993,12.82,13:46:33
1300167998,12.82,13:46:38
1300168003,12.82,13:46:43
1300168008,12.81,13:46:48
1300168013,12.81,13:46:53
1300168018,12.81,13:46:58
1300168023,12.81,13:47:03
1300168028,12.81,13:47:08
1300168033,12.82,13:47:13
1300168038,12.81,13:47:18
1300168043,12.82,13:47:23
1300168048,12.81,13:47:28
1300168053,12.81,13:47:33
1300168063,12.82,13:47:43
1300168068,12.81,13:47:48
1300168073,12.82,13:47:53
1300168078,12.82,13:47:58
1300168083,12.82,13:48:03
1300168088,12.82,13:48:08
1300168093,12.82,13:48:13
1300168098,12.81,13:48:18
1300168103,12.82,13:48:23
1300168108,12.81,13:48:28
1300168113,12.82,13:48:33
1300168113,12.82,13:48:33
1300168123,12.81,13:48:43
1300168128,12.81,13:48:48
1300168133,12.81,13:48:53
1300168138,12.81,13:48:58
1300168143,12.82,13:49:03
1300168148,12.81,13:49:08
1300168153,12.82,13:49:13
1300168158,12.82,13:49:18
1300168163,12.82,13:49:23
1300168168,12.82,13:49:28
1300168173,12.82,13:49:33
1300168178,12.82,13:49:38
1300168183,12.82,13:49:43
1300168188,12.82,13:49:48
1300168193,12.83,13:49:53
1300168198,12.82,13:49:58
1300168203,12.82,13:50:03
1300168208,12.82,13:50:08
1300168213,12.82,13:50:13
1300168218,12.82,13:50:18
1300168223,12.81,13:50:23
1300168228,12.81,13:50:28
1300168233,12.82,13:50:33
1300168238,12.82,13:50:38
1300168243,12.82,13:50:43
1300168248,12.82,13:50:48
1300168253,12.82,13:50:53
1300168258,12.81,13:50:58
1300168263,12.83,13:51:03
1300168268,12.81,13:51:08
1300168273,12.83,13:51:13
1300168278,12.81,13:51:18
1300168283,12.82,13:51:23
1300168288,12.81,13:51:28
1300168293,12.81,13:51:33
1300168298,12.82,13:51:38
1300168303,12.82,13:51:43
1300168303,12.81,13:51:43
1300168313,12.82,13:51:53
1300168318,12.81,13:51:58
1300168323,12.8,13:52:03
1300168328,12.8,13:52:08
1300168333,12.8,13:52:13
1300168338,12.8,13:52:18
1300168343,12.8,13:52:23
1300168348,12.81,13:52:28
1300168353,12.8,13:52:33
1300168353,12.81,13:52:33
1300168358,12.8,13:52:38
1300168368,12.8,13:52:48
1300168373,12.81,13:52:53
1300168378,12.81,13:52:58
1300168388,12.8,13:53:08
1300168393,12.8,13:53:13
1300168398,12.8,13:53:18
1300168408,12.8,13:53:28
1300168418,12.79,13:53:38
1300168428,12.81,13:53:48
1300168433,12.8,13:53:53
1300168438,12.8,13:53:58
1300168443,12.8,13:54:03
1300168448,12.8,13:54:08
1300168453,12.8,13:54:13
1300168458,12.8,13:54:18
1300168463,12.81,13:54:23
1300168468,12.79,13:54:28
1300168473,12.8,13:54:33
1300168478,12.8,13:54:38
1300168488,12.8,13:54:48
1300168493,12.8,13:54:53
1300168498,12.79,13:54:58
1300168503,12.8,13:55:03
1300168508,12.8,13:55:08
1300168513,12.8,13:55:13
1300168518,12.8,13:55:18
1300168523,12.8,13:55:23
1300168528,12.8,13:55:28
1300168533,12.8,13:55:33
1300168538,12.8,13:55:38
1300168543,12.8,13:55:43
1300168548,12.81,13:55:48
1300168553,12.81,13:55:53
1300168553,12.8,13:55:53
1300168563,12.81,13:56:03
1300168568,12.79,13:56:08
1300168573,12.81,13:56:13
1300168578,12.81,13:56:18
1300168583,12.81,13:56:23
1300168588,12.8,13:56:28
1300168593,12.8,13:56:33
1300168598,12.8,13:56:38
1300168608,12.8,13:56:48
1300168613,12.81,13:56:53
1300168618,12.81,13:56:58
1300168623,12.81,13:57:03
1300168628,12.8,13:57:08
1300168633,12.81,13:57:13
1300168638,12.81,13:57:18
1300168643,12.81,13:57:23
1300168648,12.8,13:57:28
1300168653,12.81,13:57:33
1300168658,12.8,13:57:38
1300168663,12.8,13:57:43
1300168668,12.81,13:57:48
1300168673,12.8,13:57:53
1300168678,12.8,13:57:58
1300168683,12.8,13:58:03
1300168688,12.8,13:58:08
1300168693,12.8,13:58:13
1300168698,12.8,13:58:18
1300168703,12.81,13:58:23
1300168708,12.81,13:58:28
1300168713,12.8,13:58:33
1300168718,12.8,13:58:38
1300168723,12.81,13:58:43
1300168728,12.8,13:58:48
1300168733,12.8,13:58:53
1300168738,12.8,13:58:58
1300168743,12.81,13:59:03
1300168748,12.81,13:59:08
1300168753,12.81,13:59:13
1300168758,12.8,13:59:18
1300168758,12.81,13:59:18
1300168773,12.8,13:59:33
1300168783,12.81,13:59:43
1300168788,12.81,13:59:48
1300168793,12.8,13:59:53
1300168798,12.82,13:59:58
1300168803,12.82,14:00:03
1300168808,12.81,14:00:08
1300168813,12.82,14:00:13
1300168818,12.81,14:00:18
1300168823,12.81,14:00:23
1300168828,12.81,14:00:28
1300168833,12.81,14:00:33
1300168843,12.81,14:00:43
1300168848,12.82,14:00:48
1300168853,12.82,14:00:53
1300168858,12.83,14:00:58
1300168863,12.82,14:01:03
1300168868,12.83,14:01:08
1300168873,12.83,14:01:13
1300168883,12.83,14:01:23
1300168888,12.82,14:01:28
1300168893,12.82,14:01:33
1300168903,12.82,14:01:43
1300168913,12.83,14:01:53
1300168913,12.82,14:01:53
1300168923,12.83,14:02:03
1300168928,12.82,14:02:08
1300168933,12.82,14:02:13
1300168943,12.83,14:02:23
1300168948,12.83,14:02:28
1300168958,12.83,14:02:38
1300168968,12.82,14:02:48
1300168973,12.82,14:02:53
1300168978,12.82,14:02:58
1300168983,12.83,14:03:03
1300168988,12.83,14:03:08
1300168993,12.82,14:03:13
1300168998,12.83,14:03:18
1300168998,12.83,14:03:18
1300169008,12.82,14:03:28
1300169013,12.81,14:03:33
1300169018,12.83,14:03:38
1300169023,12.82,14:03:43
1300169028,12.83,14:03:48
1300169033,12.83,14:03:53
1300169038,12.82,14:03:58
1300169043,12.82,14:04:03
1300169048,12.83,14:04:08
1300169053,12.82,14:04:13
1300169058,12.83,14:04:18
1300169063,12.83,14:04:23
1300169068,12.83,14:04:28
1300169073,12.82,14:04:33
1300169078,12.83,14:04:38
1300169083,12.83,14:04:43
1300169088,12.82,14:04:48
1300169093,12.83,14:04:53
1300169098,12.83,14:04:58
1300169103,12.83,14:05:03
1300169108,12.83,14:05:08
1300169113,12.83,14:05:13
1300169118,12.83,14:05:18
1300169123,12.83,14:05:23
1300169128,12.82,14:05:28
1300169133,12.83,14:05:33
1300169138,12.83,14:05:38
1300169143,12.83,14:05:43
1300169148,12.83,14:05:48
1300169153,12.83,14:05:53
1300169158,12.84,14:05:58
1300169163,12.83,14:06:03
1300169168,12.83,14:06:08
1300169173,12.83,14:06:13
1300169178,12.83,14:06:18
1300169183,12.82,14:06:23
1300169188,12.83,14:06:28
1300169193,12.83,14:06:33
1300169198,12.82,14:06:38
1300169203,12.82,14:06:43
1300169208,12.83,14:06:48
1300169213,12.82,14:06:53
1300169218,12.83,14:06:58
1300169223,12.83,14:07:03
1300169228,12.83,14:07:08
1300169233,12.83,14:07:13
1300169238,12.82,14:07:18
1300169243,12.83,14:07:23
1300169248,12.83,14:07:28
1300169253,12.82,14:07:33
1300169258,12.82,14:07:38
1300169263,12.83,14:07:43
1300169268,12.83,14:07:48
1300169273,12.83,14:07:53
1300169278,12.82,14:07:58
1300169283,12.82,14:08:03
1300169288,12.83,14:08:08
1300169293,12.83,14:08:13
1300169298,12.83,14:08:18
1300169303,12.83,14:08:23
1300169308,12.82,14:08:28
1300169313,12.82,14:08:33
1300169318,12.82,14:08:38
1300169323,12.82,14:08:43
1300169328,12.82,14:08:48
1300169333,12.82,14:08:53
1300169338,12.82,14:08:58
1300169343,12.82,14:09:03
1300169348,12.82,14:09:08
1300169353,12.82,14:09:13
1300169358,12.81,14:09:18
1300169363,12.81,14:09:23
1300169368,12.82,14:09:28
1300169373,12.82,14:09:33
1300169378,12.82,14:09:38
1300169383,12.82,14:09:43
1300169388,12.82,14:09:48
1300169393,12.82,14:09:53
1300169403,12.82,14:10:03
1300169413,12.82,14:10:13
1300169418,12.83,14:10:18
1300169423,12.82,14:10:23
1300169433,12.82,14:10:33
1300169438,12.82,14:10:38
1300169443,12.82,14:10:43
1300169448,12.82,14:10:48
1300169453,12.82,14:10:53
1300169458,12.82,14:10:58
1300169463,12.82,14:11:03
1300169468,12.82,14:11:08
1300169473,12.83,14:11:13
1300169478,12.83,14:11:18
1300169483,12.82,14:11:23
1300169493,12.82,14:11:33
1300169498,12.83,14:11:38
1300169503,12.82,14:11:43
1300169508,12.82,14:11:48
1300169513,12.83,14:11:53
1300169518,12.83,14:11:58
1300169523,12.81,14:12:03
1300169528,12.82,14:12:08
1300169533,12.81,14:12:13
1300169538,12.83,14:12:18
1300169543,12.81,14:12:23
1300169548,12.83,14:12:28
1300169553,12.81,14:12:33
1300169558,12.82,14:12:38
1300169563,12.82,14:12:43
1300169568,12.81,14:12:48
1300169573,12.82,14:12:53
1300169578,12.83,14:12:58
1300169583,12.82,14:13:03
1300169588,12.82,14:13:08
1300169593,12.81,14:13:13
1300169598,12.81,14:13:18
1300169603,12.83,14:13:23
1300169608,12.82,14:13:28
1300169613,12.82,14:13:33
1300169618,12.82,14:13:38
1300169623,12.82,14:13:43
1300169628,12.82,14:13:48
1300169633,12.82,14:13:53
1300169638,12.82,14:13:58
1300169638,12.82,14:13:58
1300169653,12.82,14:14:13
1300169658,12.83,14:14:18
1300169663,12.82,14:14:23
1300169668,12.82,14:14:28
1300169673,12.81,14:14:33
1300169678,12.82,14:14:38
1300169683,12.81,14:14:43
1300169688,12.81,14:14:48
1300169693,12.81,14:14:53
1300169698,12.82,14:14:58
1300169703,12.81,14:15:03
1300169708,12.82,14:15:08
1300169713,12.82,14:15:13
1300169718,12.82,14:15:18
1300169718,12.82,14:15:18
1300169728,12.82,14:15:28
1300169733,12.83,14:15:33
1300169738,12.82,14:15:38
1300169743,12.82,14:15:43
1300169748,12.83,14:15:48
1300169753,12.83,14:15:53
1300169758,12.82,14:15:58
1300169763,12.81,14:16:03
1300169768,12.82,14:16:08
1300169773,12.81,14:16:13
1300169778,12.82,14:16:18
1300169783,12.82,14:16:23
1300169788,12.81,14:16:28
1300169793,12.83,14:16:33
1300169798,12.83,14:16:38
1300169803,12.83,14:16:43
1300169808,12.84,14:16:48
1300169813,12.83,14:16:53
1300169818,12.84,14:16:58
1300169823,12.82,14:17:03
1300169828,12.83,14:17:08
1300169833,12.82,14:17:13
1300169838,12.83,14:17:18
1300169843,12.82,14:17:23
1300169848,12.83,14:17:28
1300169853,12.83,14:17:33
1300169853,12.83,14:17:33
1300169863,12.83,14:17:43
1300169868,12.84,14:17:48
1300169868,12.83,14:17:48
1300169878,12.84,14:17:58
1300169883,12.83,14:18:03
1300169888,12.84,14:18:08
1300169893,12.84,14:18:13
1300169898,12.83,14:18:18
1300169903,12.84,14:18:23
1300169908,12.84,14:18:28
1300169918,12.84,14:18:38
1300169918,12.83,14:18:38
1300169933,12.84,14:18:53
1300169938,12.84,14:18:58
1300169948,12.84,14:19:08
1300169953,12.83,14:19:13
1300169958,12.85,14:19:18
1300169963,12.84,14:19:23
1300169968,12.83,14:19:28
1300169973,12.84,14:19:33
1300169978,12.84,14:19:38
1300169983,12.84,14:19:43
1300169988,12.83,14:19:48
1300169993,12.84,14:19:53
1300169998,12.84,14:19:58
1300170003,12.83,14:20:03
1300170008,12.83,14:20:08
1300170013,12.84,14:20:13
1300170018,12.84,14:20:18
1300170028,12.84,14:20:28
1300170033,12.84,14:20:33
1300170038,12.85,14:20:38
1300170043,12.84,14:20:43
1300170048,12.84,14:20:48
1300170048,12.85,14:20:48
1300170058,12.85,14:20:58
1300170063,12.84,14:21:03
1300170068,12.84,14:21:08
1300170073,12.85,14:21:13
1300170078,12.85,14:21:18
1300170083,12.85,14:21:23
1300170088,12.85,14:21:28
1300170093,12.84,14:21:33
1300170098,12.84,14:21:38
1300170103,12.84,14:21:43
1300170108,12.85,14:21:48
1300170113,12.85,14:21:53
1300170118,12.84,14:21:58
1300170123,12.84,14:22:03
1300170128,12.85,14:22:08
1300170133,12.85,14:22:13
1300170138,12.84,14:22:18
1300170143,12.85,14:22:23
1300170148,12.85,14:22:28
1300170153,12.84,14:22:33
1300170158,12.84,14:22:38
1300170163,12.85,14:22:43
1300170168,12.85,14:22:48
1300170173,12.85,14:22:53
1300170178,12.85,14:22:58
1300170183,12.84,14:23:03
1300170188,12.84,14:23:08
1300170188,12.85,14:23:08
1300170198,12.85,14:23:18
1300170203,12.84,14:23:23
1300170208,12.84,14:23:28
1300170213,12.85,14:23:33
1300170218,12.85,14:23:38
1300170223,12.85,14:23:43
1300170228,12.84,14:23:48
1300170228,12.85,14:23:48
1300170238,12.85,14:23:58
1300170243,12.85,14:24:03
1300170248,12.85,14:24:08
1300170253,12.84,14:24:13
1300170258,12.85,14:24:18
1300170263,12.85,14:24:23
1300170268,12.85,14:24:28
1300170273,12.85,14:24:33
1300170278,12.85,14:24:38
1300170283,12.85,14:24:43
1300170288,12.85,14:24:48
1300170293,12.84,14:24:53
1300170298,12.85,14:24:58
1300170303,12.85,14:25:03
1300170308,12.84,14:25:08
1300170313,12.84,14:25:13
1300170318,12.84,14:25:18
1300170323,12.84,14:25:23
1300170328,12.85,14:25:28
1300170328,12.84,14:25:28
1300170338,12.84,14:25:38
1300170343,12.84,14:25:43
1300170348,12.84,14:25:48
1300170348,12.83,14:25:48
1300170358,12.84,14:25:58
1300170363,12.83,14:26:03
1300170368,12.83,14:26:08
1300170373,12.84,14:26:13
1300170378,12.83,14:26:18
1300170383,12.84,14:26:23
1300170388,12.85,14:26:28
1300170393,12.85,14:26:33
1300170393,12.85,14:26:33
1300170403,12.85,14:26:43
1300170408,12.85,14:26:48
1300170413,12.84,14:26:53
1300170418,12.83,14:26:58
1300170418,12.84,14:26:58
1300170428,12.83,14:27:08
1300170438,12.84,14:27:18
1300170443,12.84,14:27:23
1300170448,12.84,14:27:28
1300170458,12.85,14:27:38
1300170463,12.84,14:27:43
1300170468,12.84,14:27:48
1300170473,12.84,14:27:53
1300170478,12.84,14:27:58
1300170483,12.85,14:28:03
1300170488,12.84,14:28:08
1300170493,12.84,14:28:13
1300170498,12.85,14:28:18
1300170503,12.84,14:28:23
1300170508,12.84,14:28:28
1300170513,12.85,14:28:33
1300170518,12.84,14:28:38
1300170523,12.85,14:28:43
1300170528,12.84,14:28:48
1300170533,12.83,14:28:53
1300170538,12.82,14:28:58
1300170543,12.83,14:29:03
1300170548,12.83,14:29:08
1300170553,12.83,14:29:13
1300170558,12.83,14:29:18
1300170563,12.82,14:29:23
1300170568,12.83,14:29:28
1300170573,12.82,14:29:33
1300170578,12.82,14:29:38
1300170583,12.82,14:29:43
1300170588,12.83,14:29:48
1300170593,12.83,14:29:53
1300170598,12.83,14:29:58
1300170603,12.82,14:30:03
1300170608,12.83,14:30:08
1300170613,12.82,14:30:13
1300170618,12.83,14:30:18
1300170623,12.83,14:30:23
1300170628,12.83,14:30:28
1300170633,12.83,14:30:33
1300170638,12.84,14:30:38
1300170643,12.83,14:30:43
1300170648,12.84,14:30:48
1300170653,12.84,14:30:53
1300170658,12.84,14:30:58
1300170663,12.84,14:31:03
1300170668,12.83,14:31:08
1300170673,12.83,14:31:13
1300170678,12.83,14:31:18
1300170683,12.82,14:31:23
1300170688,12.82,14:31:28
1300170693,12.83,14:31:33
1300170698,12.83,14:31:38
1300170703,12.83,14:31:43
1300170708,12.85,14:31:48
1300170713,12.84,14:31:53
1300170718,12.85,14:31:58
1300170723,12.83,14:32:03
1300170728,12.84,14:32:08
1300170733,12.83,14:32:13
1300170738,12.84,14:32:18
1300170743,12.84,14:32:23
1300170748,12.84,14:32:28
1300170753,12.83,14:32:33
1300170763,12.83,14:32:43
1300170768,12.85,14:32:48
1300170773,12.84,14:32:53
1300170778,12.84,14:32:58
1300170783,12.83,14:33:03
1300170788,12.84,14:33:08
1300170793,12.83,14:33:13
1300170798,12.84,14:33:18
1300170803,12.83,14:33:23
1300170808,12.84,14:33:28
1300170813,12.83,14:33:33
1300170818,12.84,14:33:38
1300170823,12.84,14:33:43
1300170828,12.84,14:33:48
1300170833,12.84,14:33:53
1300170838,12.85,14:33:58
1300170843,12.84,14:34:03
1300170848,12.84,14:34:08
1300170853,12.85,14:34:13
1300170853,12.84,14:34:13
1300170863,12.85,14:34:23
1300170868,12.85,14:34:28
1300170873,12.85,14:34:33
1300170878,12.84,14:34:38
1300170883,12.85,14:34:43
1300170888,12.85,14:34:48
1300170893,12.84,14:34:53
1300170898,12.85,14:34:58
1300170903,12.85,14:35:03
1300170908,12.84,14:35:08
1300170913,12.83,14:35:13
1300170918,12.84,14:35:18
1300170923,12.85,14:35:23
1300170928,12.83,14:35:28
1300170933,12.84,14:35:33
1300170938,12.84,14:35:38
1300170948,12.84,14:35:48
1300170953,12.84,14:35:53
1300170958,12.84,14:35:58
1300170963,12.84,14:36:03
1300170968,12.83,14:36:08
1300170973,12.84,14:36:13
1300170978,12.83,14:36:18
1300170983,12.83,14:36:23
1300170988,12.84,14:36:28
1300170993,12.83,14:36:33
1300170998,12.84,14:36:38
1300171008,12.84,14:36:48
1300171013,12.84,14:36:53
1300171018,12.84,14:36:58
1300171023,12.84,14:37:03
1300171028,12.83,14:37:08
1300171033,12.83,14:37:13
1300171038,12.83,14:37:18
1300171043,12.84,14:37:23
1300171048,12.84,14:37:28
1300171053,12.83,14:37:33
1300171058,12.84,14:37:38
1300171068,12.84,14:37:48
1300171073,12.83,14:37:53
1300171083,12.83,14:38:03
1300171088,12.83,14:38:08
1300171093,12.83,14:38:13
1300171098,12.83,14:38:18
1300171103,12.85,14:38:23
1300171108,12.83,14:38:28
1300171113,12.84,14:38:33
1300171118,12.83,14:38:38
1300171123,12.84,14:38:43
1300171128,12.84,14:38:48
1300171138,12.84,14:38:58
1300171143,12.84,14:39:03
1300171148,12.84,14:39:08
1300171158,12.84,14:39:18
1300171163,12.85,14:39:23
1300171168,12.84,14:39:28
1300171173,12.84,14:39:33
1300171178,12.83,14:39:38
1300171183,12.84,14:39:43
1300171188,12.84,14:39:48
1300171193,12.84,14:39:53
1300171198,12.83,14:39:58
1300171203,12.84,14:40:03
1300171208,12.83,14:40:08
1300171213,12.84,14:40:13
1300171218,12.84,14:40:18
1300171223,12.84,14:40:23
1300171228,12.83,14:40:28
1300171233,12.84,14:40:33
1300171238,12.84,14:40:38
1300171243,12.84,14:40:43
1300171248,12.85,14:40:48
1300171253,12.85,14:40:53
1300171258,12.85,14:40:58
1300171263,12.86,14:41:03
1300171268,12.86,14:41:08
1300171273,12.85,14:41:13
1300171278,12.85,14:41:18
1300171283,12.86,14:41:23
1300171288,12.85,14:41:28
1300171293,12.86,14:41:33
1300171298,12.86,14:41:38
1300171303,12.85,14:41:43
1300171308,12.85,14:41:48
1300171313,12.86,14:41:53
1300171318,12.86,14:41:58
1300171323,12.87,14:42:03
1300171328,12.86,14:42:08
1300171333,12.86,14:42:13
1300171338,12.86,14:42:18
1300171343,12.86,14:42:23
1300171348,12.86,14:42:28
1300171353,12.9,14:42:33
1300171358,12.9,14:42:38
1300171368,12.87,14:42:48
1300171373,12.87,14:42:53
1300171378,12.87,14:42:58
1300171383,12.87,14:43:03
1300171388,12.86,14:43:08
1300171398,12.87,14:43:18
1300171403,12.87,14:43:23
1300171408,12.87,14:43:28
1300171413,12.9,14:43:33
1300171418,12.87,14:43:38
1300171423,12.87,14:43:43
1300171428,12.9,14:43:48
1300171433,12.9,14:43:53
1300171438,12.9,14:43:58
1300171443,12.89,14:44:03
1300171448,12.9,14:44:08
1300171453,12.9,14:44:13
1300171458,12.89,14:44:18
1300171463,12.9,14:44:23
1300171468,12.9,14:44:28
1300171473,12.89,14:44:33
1300171478,12.9,14:44:38
1300171483,12.9,14:44:43
1300171488,12.89,14:44:48
1300171493,12.89,14:44:53
1300171498,12.89,14:44:58
1300171503,12.88,14:45:03
1300171508,12.89,14:45:08
1300171513,12.89,14:45:13
1300171518,12.89,14:45:18
1300171523,12.88,14:45:23
1300171528,12.88,14:45:28
1300171533,12.89,14:45:33
1300171538,12.88,14:45:38
1300171543,12.89,14:45:43
1300171548,12.89,14:45:48
1300171553,12.88,14:45:53
1300171558,12.88,14:45:58
1300171563,12.88,14:46:03
1300171568,12.88,14:46:08
1300171573,12.88,14:46:13
1300171578,12.88,14:46:18
1300171583,12.88,14:46:23
1300171588,12.87,14:46:28
1300171593,12.87,14:46:33
1300171598,12.87,14:46:38
1300171603,12.87,14:46:43
1300171608,12.88,14:46:48
1300171613,12.88,14:46:53
1300171623,12.88,14:47:03
1300171628,12.86,14:47:08
1300171633,12.87,14:47:13
1300171648,12.87,14:47:28
1300171658,12.87,14:47:38
1300171663,12.89,14:47:43
1300171668,12.86,14:47:48
1300171673,12.88,14:47:53
1300171678,12.89,14:47:58
1300171688,12.86,14:48:08
1300171698,12.87,14:48:18
1300171703,12.88,14:48:23
1300171708,12.86,14:48:28
1300171713,12.88,14:48:33
1300171713,12.87,14:48:33
1300171723,12.88,14:48:43
1300171728,12.88,14:48:48
1300171733,12.87,14:48:53
1300171738,12.87,14:48:58
1300171743,12.87,14:49:03
1300171748,12.87,14:49:08
1300171758,12.87,14:49:18
1300171763,12.88,14:49:23
1300171768,12.87,14:49:28
1300171773,12.87,14:49:33
1300171778,12.88,14:49:38
1300171783,12.87,14:49:43
1300171788,12.88,14:49:48
1300171793,12.88,14:49:53
1300171798,12.88,14:49:58
1300171808,12.88,14:50:08
1300171813,12.89,14:50:13
1300171818,12.89,14:50:18
1300171823,12.89,14:50:23
1300171828,12.89,14:50:28
1300171833,12.89,14:50:33
1300171838,12.89,14:50:38
1300171843,12.9,14:50:43
1300171848,12.89,14:50:48
1300171853,12.9,14:50:53
1300171858,12.9,14:50:58
1300171858,12.9,14:50:58
1300171868,12.9,14:51:08
1300171873,12.9,14:51:13
1300171878,12.9,14:51:18
1300171883,12.9,14:51:23
1300171888,12.91,14:51:28
1300171893,12.9,14:51:33
1300171898,12.9,14:51:38
1300171903,12.9,14:51:43
1300171908,12.91,14:51:48
1300171913,12.92,14:51:53
1300171918,12.91,14:51:58
1300171923,12.91,14:52:03
1300171928,12.9,14:52:08
1300171933,12.91,14:52:13
1300171938,12.92,14:52:18
1300171943,12.91,14:52:23
1300171948,12.92,14:52:28
1300171953,12.92,14:52:33
1300171958,12.92,14:52:38
1300171963,12.92,14:52:43
1300171968,12.93,14:52:48
1300171968,12.92,14:52:48
1300171978,12.92,14:52:58
1300171983,12.9,14:53:03
1300171988,12.92,14:53:08
1300171993,12.94,14:53:13
1300171998,12.94,14:53:18
1300172003,12.94,14:53:23
1300172008,12.94,14:53:28
1300172013,12.92,14:53:33
1300172013,12.92,14:53:33
1300172023,12.92,14:53:43
1300172028,12.92,14:53:48
1300172033,12.9,14:53:53
1300172038,12.92,14:53:58
1300172043,12.91,14:54:03
1300172048,12.91,14:54:08
1300172053,12.91,14:54:13
1300172058,12.92,14:54:18
1300172063,12.92,14:54:23
1300172068,12.93,14:54:28
1300172073,12.93,14:54:33
1300172078,12.92,14:54:38
1300172083,12.92,14:54:43
1300172088,12.92,14:54:48
1300172093,12.93,14:54:53
1300172103,12.93,14:55:03
1300172108,12.92,14:55:08
1300172118,12.93,14:55:18
1300172123,12.93,14:55:23
1300172133,12.92,14:55:33
1300172143,12.92,14:55:43
1300172148,12.91,14:55:48
1300172158,12.92,14:55:58
1300172168,12.93,14:56:08
1300172173,12.91,14:56:13
1300172178,12.91,14:56:18
1300172183,12.92,14:56:23
1300172188,12.91,14:56:28
1300172193,12.91,14:56:33
1300172198,12.91,14:56:38
1300172203,12.92,14:56:43
1300172208,12.92,14:56:48
1300172213,12.92,14:56:53
1300172218,12.91,14:56:58
1300172223,12.9,14:57:03
1300172228,12.93,14:57:08
1300172233,12.91,14:57:13
1300172238,12.91,14:57:18
1300172243,12.91,14:57:23
1300172248,12.91,14:57:28
1300172253,12.92,14:57:33
1300172258,12.92,14:57:38
1300172263,12.91,14:57:43
1300172268,12.91,14:57:48
1300172273,12.91,14:57:53
1300172278,12.91,14:57:58
1300172283,12.91,14:58:03
1300172288,12.92,14:58:08
1300172293,12.91,14:58:13
1300172298,12.91,14:58:18
1300172303,12.92,14:58:23
1300172308,12.91,14:58:28
1300172313,12.91,14:58:33
1300172318,12.91,14:58:38
1300172323,12.91,14:58:43
1300172328,12.91,14:58:48
1300172333,12.91,14:58:53
1300172338,12.91,14:58:58
1300172343,12.91,14:59:03
1300172348,12.91,14:59:08
1300172353,12.91,14:59:13
1300172358,12.9,14:59:18
1300172363,12.9,14:59:23
1300172368,12.91,14:59:28
1300172373,12.91,14:59:33
1300172378,12.9,14:59:38
1300172383,12.9,14:59:43
1300172388,12.9,14:59:48
1300172393,12.88,14:59:53
1300172398,12.9,14:59:58
1300172403,12.91,15:00:03
